{"resourceType":"CodeSystem","id":"PSSRatingTypes","text":{"status":"generated","div":"<div xmlns=\"http://www.w3.org/1999/xhtml\"><p class=\"res-header-id\"><b>Generated Narrative: CodeSystem PSSRatingTypes</b></p><a name=\"PSSRatingTypes\"> </a><a name=\"hcPSSRatingTypes\"> </a><p>This case-sensitive code system <code>https://www.ehealth.fgov.be/standards/fhir/pss/CodeSystem/PSSRatingTypes</code> defines the following codes:</p><table class=\"codes\"><tr><td style=\"white-space:nowrap\"><b>Code</b></td><td><b>Display</b></td></tr><tr><td style=\"white-space:nowrap\">overall<a name=\"PSSRatingTypes-overall\"> </a></td><td>Overall score</td></tr><tr><td style=\"white-space:nowrap\">radiationexposure<a name=\"PSSRatingTypes-radiationexposure\"> </a></td><td>Radiation exposure score</td></tr></table></div>"},"url":"https://www.ehealth.fgov.be/standards/fhir/pss/CodeSystem/PSSRatingTypes","identifier":[{"system":"urn:ietf:rfc:3986","value":"urn:oid:2.16.840.1.113883.2.51.22.2.16.3"}],"version":"1.0.0","name":"PSSRatingTypes","title":"CodeSystem: Types of rating provided by the PSS system","status":"active","experimental":false,"date":"2026-01-29T09:07:50+00:00","publisher":"eHealth Platform Belgium","contact":[{"name":"eHealth Platform Belgium","telecom":[{"system":"url","value":"https://www.ehealth.fgov.be/standards/fhir/"},{"system":"email","value":"support@be-ehealth-standards.atlassian.net"}]},{"name":"Message Structure eHealth","telecom":[{"system":"email","value":"support@be-ehealth-standards.atlassian.net","use":"work"}]}],"description":"CodeSystem: Types of rating provided by the PSS system","jurisdiction":[{"coding":[{"system":"urn:iso:std:iso:3166","code":"BE","display":"Belgium"}]}],"caseSensitive":true,"content":"complete","count":2,"concept":[{"code":"overall","display":"Overall score","designation":[{"use":{"system":"http://terminology.hl7.org/CodeSystem/hl7TermMaintInfra","code":"preferredForLanguage"},"value":"Overall score"}]},{"code":"radiationexposure","display":"Radiation exposure score","designation":[{"use":{"system":"http://terminology.hl7.org/CodeSystem/hl7TermMaintInfra","code":"preferredForLanguage"},"value":"Radiation exposure score"}]}]}