{
  "resourceType" : "Patient",
  "id" : "patient-r",
  "meta" : {
    "profile" : ["https://www.ehealth.fgov.be/standards/fhir/pss/StructureDefinition/PSSPatient"]
  },
  "text" : {
    "status" : "generated",
    "div" : "<div xmlns=\"http://www.w3.org/1999/xhtml\"><p class=\"res-header-id\"><b>Generated Narrative: Patient patient-r</b></p><a name=\"patient-r\"> </a><a name=\"hcpatient-r\"> </a><a name=\"patient-r-en-US\"> </a><div style=\"display: inline-block; background-color: #d9e0e7; padding: 6px; margin: 4px; border: 1px solid #8da1b4; border-radius: 5px; line-height: 60%\"><p style=\"margin-bottom: 0px\"/><p style=\"margin-bottom: 0px\">Profile: <a href=\"StructureDefinition-PSSPatient.html\">PSS anonymised Patient</a></p></div><p style=\"border: 1px #661aff solid; background-color: #e6e6ff; padding: 10px;\"> Male, DoB Unknown</p><hr/><table class=\"grid\"><tr><td style=\"background-color: #f3f5da\" title=\"Record is active\">Active:</td><td>true</td><td style=\"background-color: #f3f5da\" title=\"Known status of Patient\">Deceased:</td><td colspan=\"3\">false</td></tr><tr><td style=\"background-color: #f3f5da\" title=\"The approximate, relevant age of the patient at the time of the search.\"><a href=\"StructureDefinition-PSSRelevantAge.html\">PSS Relevant Patient Age</a></td><td colspan=\"3\">53 y<span style=\"background: LightGoldenRodYellow\"> (Details: UCUM  codey = 'y')</span></td></tr></table></div>"
  },
  "extension" : [{
    "url" : "https://www.ehealth.fgov.be/standards/fhir/pss/StructureDefinition/PSSRelevantAge",
    "valueAge" : {
      "value" : 53,
      "system" : "http://unitsofmeasure.org",
      "code" : "y"
    }
  }],
  "active" : true,
  "name" : [{
    "extension" : [{
      "url" : "http://hl7.org/fhir/StructureDefinition/data-absent-reason",
      "valueCode" : "masked"
    }]
  }],
  "gender" : "male",
  "deceasedBoolean" : false
}