{
  "resourceType" : "ImplementationGuide",
  "id" : "hl7.fhir.be.pss",
  "text" : {
    "status" : "generated",
    "div" : "<div xmlns=\"http://www.w3.org/1999/xhtml\"><p class=\"res-header-id\"><b>Generated Narrative: ImplementationGuide hl7.fhir.be.pss</b></p><a name=\"hl7.fhir.be.pss\"> </a><a name=\"hchl7.fhir.be.pss\"> </a><a name=\"hl7.fhir.be.pss-en-US\"> </a><h2>PrescriptionSearchSupport</h2><p>The official URL for this implementation guide is: </p><pre>https://www.ehealth.fgov.be/standards/fhir/medication/ImplementationGuide/hl7.fhir.be.pss</pre><div><p>Example IG exercises many of the fields in a SUSHI configuration.</p>\n</div></div>"
  },
  "url" : "https://www.ehealth.fgov.be/standards/fhir/medication/ImplementationGuide/hl7.fhir.be.pss",
  "version" : "1.0.0",
  "name" : "PrescriptionSearchSupport",
  "title" : "Prescription Search Support",
  "status" : "draft",
  "date" : "2024-04-26",
  "publisher" : "HL7 Belgium",
  "contact" : [{
    "name" : "HL7 Belgium",
    "telecom" : [{
      "system" : "url",
      "value" : "https://www.hl7belgium.org"
    },
    {
      "system" : "email",
      "value" : "hl7belgium@hl7belgium.org"
    }]
  },
  {
    "name" : "Message Structure eHealth",
    "telecom" : [{
      "system" : "email",
      "value" : "message-structure@ehealth.fgov.be",
      "use" : "work"
    }]
  }],
  "description" : "Example IG exercises many of the fields in a SUSHI configuration.",
  "jurisdiction" : [{
    "coding" : [{
      "system" : "urn:iso:std:iso:3166",
      "code" : "BE",
      "display" : "Belgium"
    }]
  }],
  "packageId" : "hl7.fhir.be.pss",
  "license" : "CC0-1.0",
  "fhirVersion" : ["4.0.1"],
  "dependsOn" : [{
    "id" : "hl7tx",
    "extension" : [{
      "url" : "http://hl7.org/fhir/tools/StructureDefinition/implementationguide-dependency-comment",
      "valueMarkdown" : "Automatically added as a dependency - all IGs depend on HL7 Terminology"
    }],
    "uri" : "http://terminology.hl7.org/ImplementationGuide/hl7.terminology",
    "packageId" : "hl7.terminology.r4",
    "version" : "6.2.0"
  },
  {
    "id" : "hl7ext",
    "extension" : [{
      "url" : "http://hl7.org/fhir/tools/StructureDefinition/implementationguide-dependency-comment",
      "valueMarkdown" : "Automatically added as a dependency - all IGs depend on the HL7 Extension Pack"
    }],
    "uri" : "http://hl7.org/fhir/extensions/ImplementationGuide/hl7.fhir.uv.extensions",
    "packageId" : "hl7.fhir.uv.extensions.r4",
    "version" : "5.1.0"
  },
  {
    "id" : "cpg",
    "uri" : "https://hl7.org/fhir/uv/cpg/ImplementationGuide/hl7.fhir.uv.cpg",
    "packageId" : "hl7.fhir.uv.cpg",
    "version" : "2.0.0"
  }],
  "definition" : {
    "extension" : [{
      "extension" : [{
        "url" : "code",
        "valueString" : "copyrightyear"
      },
      {
        "url" : "value",
        "valueString" : "2021+"
      }],
      "url" : "http://hl7.org/fhir/tools/StructureDefinition/ig-parameter"
    },
    {
      "extension" : [{
        "url" : "code",
        "valueString" : "releaselabel"
      },
      {
        "url" : "value",
        "valueString" : "STU1"
      }],
      "url" : "http://hl7.org/fhir/tools/StructureDefinition/ig-parameter"
    },
    {
      "extension" : [{
        "url" : "code",
        "valueString" : "autoload-resources"
      },
      {
        "url" : "value",
        "valueString" : "true"
      }],
      "url" : "http://hl7.org/fhir/tools/StructureDefinition/ig-parameter"
    },
    {
      "extension" : [{
        "url" : "code",
        "valueString" : "path-liquid"
      },
      {
        "url" : "value",
        "valueString" : "template/liquid"
      }],
      "url" : "http://hl7.org/fhir/tools/StructureDefinition/ig-parameter"
    },
    {
      "extension" : [{
        "url" : "code",
        "valueString" : "path-liquid"
      },
      {
        "url" : "value",
        "valueString" : "input/liquid"
      }],
      "url" : "http://hl7.org/fhir/tools/StructureDefinition/ig-parameter"
    },
    {
      "extension" : [{
        "url" : "code",
        "valueString" : "path-qa"
      },
      {
        "url" : "value",
        "valueString" : "temp/qa"
      }],
      "url" : "http://hl7.org/fhir/tools/StructureDefinition/ig-parameter"
    },
    {
      "extension" : [{
        "url" : "code",
        "valueString" : "path-temp"
      },
      {
        "url" : "value",
        "valueString" : "temp/pages"
      }],
      "url" : "http://hl7.org/fhir/tools/StructureDefinition/ig-parameter"
    },
    {
      "extension" : [{
        "url" : "code",
        "valueString" : "path-output"
      },
      {
        "url" : "value",
        "valueString" : "output"
      }],
      "url" : "http://hl7.org/fhir/tools/StructureDefinition/ig-parameter"
    },
    {
      "extension" : [{
        "url" : "code",
        "valueString" : "path-suppressed-warnings"
      },
      {
        "url" : "value",
        "valueString" : "input/ignoreWarnings.txt"
      }],
      "url" : "http://hl7.org/fhir/tools/StructureDefinition/ig-parameter"
    },
    {
      "extension" : [{
        "url" : "code",
        "valueString" : "path-history"
      },
      {
        "url" : "value",
        "valueString" : "https://www.ehealth.fgov.be/standards/fhir/medication/history.html"
      }],
      "url" : "http://hl7.org/fhir/tools/StructureDefinition/ig-parameter"
    },
    {
      "extension" : [{
        "url" : "code",
        "valueString" : "template-html"
      },
      {
        "url" : "value",
        "valueString" : "template-page.html"
      }],
      "url" : "http://hl7.org/fhir/tools/StructureDefinition/ig-parameter"
    },
    {
      "extension" : [{
        "url" : "code",
        "valueString" : "template-md"
      },
      {
        "url" : "value",
        "valueString" : "template-page-md.html"
      }],
      "url" : "http://hl7.org/fhir/tools/StructureDefinition/ig-parameter"
    },
    {
      "extension" : [{
        "url" : "code",
        "valueString" : "apply-contact"
      },
      {
        "url" : "value",
        "valueString" : "true"
      }],
      "url" : "http://hl7.org/fhir/tools/StructureDefinition/ig-parameter"
    },
    {
      "extension" : [{
        "url" : "code",
        "valueString" : "apply-context"
      },
      {
        "url" : "value",
        "valueString" : "true"
      }],
      "url" : "http://hl7.org/fhir/tools/StructureDefinition/ig-parameter"
    },
    {
      "extension" : [{
        "url" : "code",
        "valueString" : "apply-copyright"
      },
      {
        "url" : "value",
        "valueString" : "true"
      }],
      "url" : "http://hl7.org/fhir/tools/StructureDefinition/ig-parameter"
    },
    {
      "extension" : [{
        "url" : "code",
        "valueString" : "apply-jurisdiction"
      },
      {
        "url" : "value",
        "valueString" : "true"
      }],
      "url" : "http://hl7.org/fhir/tools/StructureDefinition/ig-parameter"
    },
    {
      "extension" : [{
        "url" : "code",
        "valueString" : "apply-license"
      },
      {
        "url" : "value",
        "valueString" : "true"
      }],
      "url" : "http://hl7.org/fhir/tools/StructureDefinition/ig-parameter"
    },
    {
      "extension" : [{
        "url" : "code",
        "valueString" : "apply-publisher"
      },
      {
        "url" : "value",
        "valueString" : "true"
      }],
      "url" : "http://hl7.org/fhir/tools/StructureDefinition/ig-parameter"
    },
    {
      "extension" : [{
        "url" : "code",
        "valueString" : "apply-version"
      },
      {
        "url" : "value",
        "valueString" : "true"
      }],
      "url" : "http://hl7.org/fhir/tools/StructureDefinition/ig-parameter"
    },
    {
      "extension" : [{
        "url" : "code",
        "valueString" : "apply-wg"
      },
      {
        "url" : "value",
        "valueString" : "true"
      }],
      "url" : "http://hl7.org/fhir/tools/StructureDefinition/ig-parameter"
    },
    {
      "extension" : [{
        "url" : "code",
        "valueString" : "active-tables"
      },
      {
        "url" : "value",
        "valueString" : "true"
      }],
      "url" : "http://hl7.org/fhir/tools/StructureDefinition/ig-parameter"
    },
    {
      "extension" : [{
        "url" : "code",
        "valueString" : "fmm-definition"
      },
      {
        "url" : "value",
        "valueString" : "http://hl7.org/fhir/versions.html#maturity"
      }],
      "url" : "http://hl7.org/fhir/tools/StructureDefinition/ig-parameter"
    },
    {
      "extension" : [{
        "url" : "code",
        "valueString" : "propagate-status"
      },
      {
        "url" : "value",
        "valueString" : "true"
      }],
      "url" : "http://hl7.org/fhir/tools/StructureDefinition/ig-parameter"
    },
    {
      "extension" : [{
        "url" : "code",
        "valueString" : "excludelogbinaryformat"
      },
      {
        "url" : "value",
        "valueString" : "true"
      }],
      "url" : "http://hl7.org/fhir/tools/StructureDefinition/ig-parameter"
    },
    {
      "extension" : [{
        "url" : "code",
        "valueString" : "tabbed-snapshots"
      },
      {
        "url" : "value",
        "valueString" : "true"
      }],
      "url" : "http://hl7.org/fhir/tools/StructureDefinition/ig-parameter"
    },
    {
      "url" : "http://hl7.org/fhir/tools/StructureDefinition/ig-internal-dependency",
      "valueCode" : "hl7.fhir.uv.tools.r4#0.3.0"
    },
    {
      "extension" : [{
        "url" : "code",
        "valueCode" : "copyrightyear"
      },
      {
        "url" : "value",
        "valueString" : "2021+"
      }],
      "url" : "http://hl7.org/fhir/tools/StructureDefinition/ig-parameter"
    },
    {
      "extension" : [{
        "url" : "code",
        "valueCode" : "releaselabel"
      },
      {
        "url" : "value",
        "valueString" : "STU1"
      }],
      "url" : "http://hl7.org/fhir/tools/StructureDefinition/ig-parameter"
    },
    {
      "extension" : [{
        "url" : "code",
        "valueCode" : "autoload-resources"
      },
      {
        "url" : "value",
        "valueString" : "true"
      }],
      "url" : "http://hl7.org/fhir/tools/StructureDefinition/ig-parameter"
    },
    {
      "extension" : [{
        "url" : "code",
        "valueCode" : "path-liquid"
      },
      {
        "url" : "value",
        "valueString" : "template/liquid"
      }],
      "url" : "http://hl7.org/fhir/tools/StructureDefinition/ig-parameter"
    },
    {
      "extension" : [{
        "url" : "code",
        "valueCode" : "path-liquid"
      },
      {
        "url" : "value",
        "valueString" : "input/liquid"
      }],
      "url" : "http://hl7.org/fhir/tools/StructureDefinition/ig-parameter"
    },
    {
      "extension" : [{
        "url" : "code",
        "valueCode" : "path-qa"
      },
      {
        "url" : "value",
        "valueString" : "temp/qa"
      }],
      "url" : "http://hl7.org/fhir/tools/StructureDefinition/ig-parameter"
    },
    {
      "extension" : [{
        "url" : "code",
        "valueCode" : "path-temp"
      },
      {
        "url" : "value",
        "valueString" : "temp/pages"
      }],
      "url" : "http://hl7.org/fhir/tools/StructureDefinition/ig-parameter"
    },
    {
      "extension" : [{
        "url" : "code",
        "valueCode" : "path-output"
      },
      {
        "url" : "value",
        "valueString" : "output"
      }],
      "url" : "http://hl7.org/fhir/tools/StructureDefinition/ig-parameter"
    },
    {
      "extension" : [{
        "url" : "code",
        "valueCode" : "path-suppressed-warnings"
      },
      {
        "url" : "value",
        "valueString" : "input/ignoreWarnings.txt"
      }],
      "url" : "http://hl7.org/fhir/tools/StructureDefinition/ig-parameter"
    },
    {
      "extension" : [{
        "url" : "code",
        "valueCode" : "path-history"
      },
      {
        "url" : "value",
        "valueString" : "https://www.ehealth.fgov.be/standards/fhir/medication/history.html"
      }],
      "url" : "http://hl7.org/fhir/tools/StructureDefinition/ig-parameter"
    },
    {
      "extension" : [{
        "url" : "code",
        "valueCode" : "template-html"
      },
      {
        "url" : "value",
        "valueString" : "template-page.html"
      }],
      "url" : "http://hl7.org/fhir/tools/StructureDefinition/ig-parameter"
    },
    {
      "extension" : [{
        "url" : "code",
        "valueCode" : "template-md"
      },
      {
        "url" : "value",
        "valueString" : "template-page-md.html"
      }],
      "url" : "http://hl7.org/fhir/tools/StructureDefinition/ig-parameter"
    },
    {
      "extension" : [{
        "url" : "code",
        "valueCode" : "apply-contact"
      },
      {
        "url" : "value",
        "valueString" : "true"
      }],
      "url" : "http://hl7.org/fhir/tools/StructureDefinition/ig-parameter"
    },
    {
      "extension" : [{
        "url" : "code",
        "valueCode" : "apply-context"
      },
      {
        "url" : "value",
        "valueString" : "true"
      }],
      "url" : "http://hl7.org/fhir/tools/StructureDefinition/ig-parameter"
    },
    {
      "extension" : [{
        "url" : "code",
        "valueCode" : "apply-copyright"
      },
      {
        "url" : "value",
        "valueString" : "true"
      }],
      "url" : "http://hl7.org/fhir/tools/StructureDefinition/ig-parameter"
    },
    {
      "extension" : [{
        "url" : "code",
        "valueCode" : "apply-jurisdiction"
      },
      {
        "url" : "value",
        "valueString" : "true"
      }],
      "url" : "http://hl7.org/fhir/tools/StructureDefinition/ig-parameter"
    },
    {
      "extension" : [{
        "url" : "code",
        "valueCode" : "apply-license"
      },
      {
        "url" : "value",
        "valueString" : "true"
      }],
      "url" : "http://hl7.org/fhir/tools/StructureDefinition/ig-parameter"
    },
    {
      "extension" : [{
        "url" : "code",
        "valueCode" : "apply-publisher"
      },
      {
        "url" : "value",
        "valueString" : "true"
      }],
      "url" : "http://hl7.org/fhir/tools/StructureDefinition/ig-parameter"
    },
    {
      "extension" : [{
        "url" : "code",
        "valueCode" : "apply-version"
      },
      {
        "url" : "value",
        "valueString" : "true"
      }],
      "url" : "http://hl7.org/fhir/tools/StructureDefinition/ig-parameter"
    },
    {
      "extension" : [{
        "url" : "code",
        "valueCode" : "apply-wg"
      },
      {
        "url" : "value",
        "valueString" : "true"
      }],
      "url" : "http://hl7.org/fhir/tools/StructureDefinition/ig-parameter"
    },
    {
      "extension" : [{
        "url" : "code",
        "valueCode" : "active-tables"
      },
      {
        "url" : "value",
        "valueString" : "true"
      }],
      "url" : "http://hl7.org/fhir/tools/StructureDefinition/ig-parameter"
    },
    {
      "extension" : [{
        "url" : "code",
        "valueCode" : "fmm-definition"
      },
      {
        "url" : "value",
        "valueString" : "http://hl7.org/fhir/versions.html#maturity"
      }],
      "url" : "http://hl7.org/fhir/tools/StructureDefinition/ig-parameter"
    },
    {
      "extension" : [{
        "url" : "code",
        "valueCode" : "propagate-status"
      },
      {
        "url" : "value",
        "valueString" : "true"
      }],
      "url" : "http://hl7.org/fhir/tools/StructureDefinition/ig-parameter"
    },
    {
      "extension" : [{
        "url" : "code",
        "valueCode" : "excludelogbinaryformat"
      },
      {
        "url" : "value",
        "valueString" : "true"
      }],
      "url" : "http://hl7.org/fhir/tools/StructureDefinition/ig-parameter"
    },
    {
      "extension" : [{
        "url" : "code",
        "valueCode" : "tabbed-snapshots"
      },
      {
        "url" : "value",
        "valueString" : "true"
      }],
      "url" : "http://hl7.org/fhir/tools/StructureDefinition/ig-parameter"
    }],
    "grouping" : [{
      "id" : "PlanDefinitions",
      "name" : "PlanDefinitions (services)",
      "description" : "PlanDefinitions defining the service endpoints for using the PSS."
    },
    {
      "id" : "Antimicrobiology",
      "name" : "Antimicrobiology",
      "description" : "Antimicrobiology PSS resource examples"
    }],
    "resource" : [{
      "extension" : [{
        "url" : "http://hl7.org/fhir/tools/StructureDefinition/resource-information",
        "valueString" : "Patient"
      }],
      "reference" : {
        "reference" : "Patient/patient-v"
      },
      "name" : "Antimicrobiology - S2 Get data to collect - Request - 1. Patient V",
      "description" : "Antimicrobiology - S2 Get data to collect - Request - 1 - Patient V",
      "exampleBoolean" : true,
      "groupingId" : "Antimicrobiology"
    },
    {
      "extension" : [{
        "url" : "http://hl7.org/fhir/tools/StructureDefinition/resource-information",
        "valueString" : "Bundle"
      }],
      "reference" : {
        "reference" : "Bundle/getdatatocollect-a-data"
      },
      "name" : "Antimicrobiology - S2 Get data to collect - Request - 2. - Bundle",
      "description" : "Antimicrobiology - S2 Get data to collect - Request - 2. Bundle",
      "exampleBoolean" : true,
      "groupingId" : "Antimicrobiology"
    },
    {
      "extension" : [{
        "url" : "http://hl7.org/fhir/tools/StructureDefinition/resource-information",
        "valueString" : "Condition"
      }],
      "reference" : {
        "reference" : "Condition/vulvovaginitis"
      },
      "name" : "Antimicrobiology - S2 Get data to collect - Request - 2.1. Diagnostic hypothesis - vulvovaginitis",
      "description" : "Antimicrobiology - S2 Get data to collect - Request - 2.1. Diagnostic hypothesis - vulvovaginitis",
      "exampleBoolean" : true,
      "groupingId" : "Antimicrobiology"
    },
    {
      "extension" : [{
        "url" : "http://hl7.org/fhir/tools/StructureDefinition/resource-information",
        "valueString" : "AllergyIntolerance"
      }],
      "reference" : {
        "reference" : "AllergyIntolerance/allergy-to-sulfonamide"
      },
      "name" : "Antimicrobiology - S2 Get data to collect - Request - 2.2. Known allergy - sulfonamide",
      "description" : "Antimicrobiology - S2 Get data to collect - Request - 2.2. Known allergy - sulfonamide",
      "exampleBoolean" : true,
      "groupingId" : "Antimicrobiology"
    },
    {
      "extension" : [{
        "url" : "http://hl7.org/fhir/tools/StructureDefinition/resource-information",
        "valueString" : "MedicationRequest"
      }],
      "reference" : {
        "reference" : "MedicationRequest/proposal-clindamycin"
      },
      "name" : "Antimicrobiology - S2 Get data to collect - Request - 2.3. Considered treatment - clindamycin",
      "description" : "Antimicrobiology - S2 Get data to collect - Request - 2.3. Considered treatment - clindamycin",
      "exampleBoolean" : true,
      "groupingId" : "Antimicrobiology"
    },
    {
      "extension" : [{
        "url" : "http://hl7.org/fhir/tools/StructureDefinition/resource-information",
        "valueString" : "Bundle"
      }],
      "reference" : {
        "reference" : "Bundle/getdatatocollect-a-return"
      },
      "name" : "Antimicrobiology - S2 Get data to collect - Response - 1. Bundle",
      "description" : "Antimicrobiology - S2 Get data to collect - Response - 1. Bundle",
      "exampleBoolean" : true,
      "groupingId" : "Antimicrobiology"
    },
    {
      "extension" : [{
        "url" : "http://hl7.org/fhir/tools/StructureDefinition/resource-information",
        "valueString" : "RequestGroup"
      }],
      "reference" : {
        "reference" : "RequestGroup/getdatatocollect-a-return-group"
      },
      "name" : "Antimicrobiology - S2 Get data to collect - Response - 1.1. RequestGroup",
      "description" : "Antimicrobiology - S2 Get data to collect - Response - 1.1. RequestGroup",
      "exampleBoolean" : true,
      "groupingId" : "Antimicrobiology"
    },
    {
      "extension" : [{
        "url" : "http://hl7.org/fhir/tools/StructureDefinition/resource-information",
        "valueString" : "Task"
      }],
      "reference" : {
        "reference" : "Task/collect-information-a"
      },
      "name" : "Antimicrobiology - S2 Get data to collect - Response - 1.2. Task for collecting information",
      "description" : "Antimicrobiology - S2 Get data to collect - Response - 1.2. Task for collecting information",
      "exampleBoolean" : true,
      "groupingId" : "Antimicrobiology"
    },
    {
      "extension" : [{
        "url" : "http://hl7.org/fhir/tools/StructureDefinition/resource-information",
        "valueString" : "Questionnaire"
      }],
      "reference" : {
        "reference" : "Questionnaire/q-collect-information-a"
      },
      "name" : "Antimicrobiology - S2 Get data to collect - Response - 1.3. Questionnaire",
      "description" : "Antimicrobiology - S2 Get data to collect - Response - 1.3. Questionnaire",
      "exampleBoolean" : true,
      "groupingId" : "Antimicrobiology"
    },
    {
      "extension" : [{
        "url" : "http://hl7.org/fhir/tools/StructureDefinition/resource-information",
        "valueString" : "Bundle"
      }],
      "reference" : {
        "reference" : "Bundle/getrecommendations-a-data"
      },
      "name" : "Antimicrobiology - S3 Get Recommendations - Request- 1. Bundle",
      "description" : "Antimicrobiology - S3 Get Recommendations - Request- 1. Bundle",
      "exampleBoolean" : true,
      "groupingId" : "Antimicrobiology"
    },
    {
      "extension" : [{
        "url" : "http://hl7.org/fhir/tools/StructureDefinition/resource-information",
        "valueString" : "QuestionnaireResponse"
      }],
      "reference" : {
        "reference" : "QuestionnaireResponse/qresponse-v"
      },
      "name" : "Antimicrobiology - S3 Get Recommendations - Request- 1.1. QuestionnaireResponse",
      "description" : "Antimicrobiology - S3 Get Recommendations - Request- 1.1. QuestionnaireResponse",
      "exampleBoolean" : true,
      "groupingId" : "Antimicrobiology"
    },
    {
      "extension" : [{
        "url" : "http://hl7.org/fhir/tools/StructureDefinition/resource-information",
        "valueString" : "Bundle"
      }],
      "reference" : {
        "reference" : "Bundle/getrecommendations-a-return"
      },
      "name" : "Antimicrobiology - S3 Get Recommendations - Response - 1. Bundle",
      "description" : "Antimicrobiology - S3 Get Recommendations - Response - 1. Bundle",
      "exampleBoolean" : true,
      "groupingId" : "Antimicrobiology"
    },
    {
      "extension" : [{
        "url" : "http://hl7.org/fhir/tools/StructureDefinition/resource-information",
        "valueString" : "RequestGroup"
      }],
      "reference" : {
        "reference" : "RequestGroup/getrecommendations-a-return-group"
      },
      "name" : "Antimicrobiology - S3 Get Recommendations - Response - 1.1. RequestGroup",
      "description" : "Antimicrobiology - S3 Get Recommendations - Response - 1.1. RequestGroup",
      "exampleBoolean" : true,
      "groupingId" : "Antimicrobiology"
    },
    {
      "extension" : [{
        "url" : "http://hl7.org/fhir/tools/StructureDefinition/resource-information",
        "valueString" : "CommunicationRequest"
      }],
      "reference" : {
        "reference" : "CommunicationRequest/ab-advice"
      },
      "name" : "Antimicrobiology - S3 Get Recommendations - Response - 1.1.1. option 1 - Generic Antibiotic Advice",
      "description" : "Antimicrobiology - S3 Get Recommendations - Response - 1.1.1. option 1 - Generic Antibiotic Advice",
      "exampleBoolean" : true,
      "groupingId" : "Antimicrobiology"
    },
    {
      "extension" : [{
        "url" : "http://hl7.org/fhir/tools/StructureDefinition/resource-information",
        "valueString" : "MedicationRequest"
      }],
      "reference" : {
        "reference" : "MedicationRequest/metronidazol"
      },
      "name" : "Antimicrobiology - S3 Get Recommendations - Response - 1.1.2. option 2 - metronidazol",
      "description" : "Antimicrobiology - S3 Get Recommendations - Response - 1.1.2. option 2 - metronidazol",
      "exampleBoolean" : true,
      "groupingId" : "Antimicrobiology"
    },
    {
      "extension" : [{
        "url" : "http://hl7.org/fhir/tools/StructureDefinition/resource-information",
        "valueString" : "MedicationRequest"
      }],
      "reference" : {
        "reference" : "MedicationRequest/clindamycin"
      },
      "name" : "Antimicrobiology - S3 Get Recommendations - Response - 1.1.3. option 3 - clindamycin",
      "description" : "Antimicrobiology - S3 Get Recommendations - Response - 1.1.3. option 3 - clindamycin",
      "exampleBoolean" : true,
      "groupingId" : "Antimicrobiology"
    },
    {
      "extension" : [{
        "url" : "http://hl7.org/fhir/tools/StructureDefinition/resource-information",
        "valueString" : "MedicationRequest"
      }],
      "reference" : {
        "reference" : "MedicationRequest/fluconazol"
      },
      "name" : "Antimicrobiology - S3 Get Recommendations - Response - 1.1.4. option 4 - fluconazol",
      "description" : "Antimicrobiology - S3 Get Recommendations - Response - 1.1.4. option 4 - fluconazol",
      "exampleBoolean" : true,
      "groupingId" : "Antimicrobiology"
    },
    {
      "extension" : [{
        "url" : "http://hl7.org/fhir/tools/StructureDefinition/resource-information",
        "valueString" : "MedicationRequest"
      }],
      "reference" : {
        "reference" : "MedicationRequest/miconazol"
      },
      "name" : "Antimicrobiology - S3 Get Recommendations - Response - 1.1.5. option 5 - miconazol",
      "description" : "Antimicrobiology - S3 Get Recommendations - Response - 1.1.5. option 5 - miconazol",
      "exampleBoolean" : true,
      "groupingId" : "Antimicrobiology"
    },
    {
      "extension" : [{
        "url" : "http://hl7.org/fhir/tools/StructureDefinition/resource-information",
        "valueString" : "ValueSet"
      }],
      "reference" : {
        "reference" : "ValueSet/condition-valueset"
      },
      "name" : "Antimicrobiology - Vaginitis-related conditions",
      "description" : "Antimicrobiology - S2 Get data to collect - Response - 1.4. ValueSet",
      "exampleBoolean" : true
    },
    {
      "extension" : [{
        "url" : "http://hl7.org/fhir/tools/StructureDefinition/resource-information",
        "valueString" : "StructureDefinition:extension"
      }],
      "reference" : {
        "reference" : "StructureDefinition/cpg-rating-coded"
      },
      "name" : "CPG Rating Extension",
      "description" : "A clinician-friendly rating, or score, for the recommendation; patient-friendly if the recommendation is patient-facing.",
      "exampleBoolean" : false
    },
    {
      "extension" : [{
        "url" : "http://hl7.org/fhir/tools/StructureDefinition/resource-information",
        "valueString" : "PlanDefinition"
      }],
      "reference" : {
        "reference" : "PlanDefinition/GetDataToCollect"
      },
      "name" : "GetDataToCollect",
      "description" : "Get Data to Collect",
      "exampleBoolean" : true,
      "groupingId" : "PlanDefinitions"
    },
    {
      "extension" : [{
        "url" : "http://hl7.org/fhir/tools/StructureDefinition/resource-information",
        "valueString" : "PlanDefinition"
      }],
      "reference" : {
        "reference" : "PlanDefinition/GetRecommendations"
      },
      "name" : "GetRecommendations",
      "description" : "Get recommendations for potential treatments based on patient information",
      "exampleBoolean" : true,
      "groupingId" : "PlanDefinitions"
    },
    {
      "extension" : [{
        "url" : "http://hl7.org/fhir/tools/StructureDefinition/resource-information",
        "valueString" : "Patient"
      }],
      "reference" : {
        "reference" : "Patient/patient-x"
      },
      "name" : "patient-x",
      "description" : "Patient X",
      "exampleBoolean" : true
    },
    {
      "extension" : [{
        "url" : "http://hl7.org/fhir/tools/StructureDefinition/resource-information",
        "valueString" : "ValueSet"
      }],
      "reference" : {
        "reference" : "ValueSet/radiation-exposure-rating-vs"
      },
      "name" : "Radiation exposure rating",
      "description" : "Radiation exposure rating.",
      "exampleBoolean" : false
    },
    {
      "extension" : [{
        "url" : "http://hl7.org/fhir/tools/StructureDefinition/resource-information",
        "valueString" : "CodeSystem"
      }],
      "reference" : {
        "reference" : "CodeSystem/radiology-exposure-rating"
      },
      "name" : "Radiation exposure rating",
      "description" : "Radiation exposure rating.",
      "exampleBoolean" : false
    },
    {
      "extension" : [{
        "url" : "http://hl7.org/fhir/tools/StructureDefinition/resource-information",
        "valueString" : "Bundle"
      }],
      "reference" : {
        "reference" : "Bundle/getrecommendations-r-return"
      },
      "name" : "Radiology - S3 Get Recommendations - Response - 1. Bundle",
      "description" : "Radiology - S3 Get Recommendations - Response - 1. Bundle",
      "exampleBoolean" : true
    },
    {
      "extension" : [{
        "url" : "http://hl7.org/fhir/tools/StructureDefinition/resource-information",
        "valueString" : "RequestGroup"
      }],
      "reference" : {
        "reference" : "RequestGroup/getrecommendations-r-return-1"
      },
      "name" : "Radiology - S3 Get Recommendations - Response - 1.1. RequestGroup",
      "description" : "Radiology - S3 Get Recommendations - Response - 1.1. RequestGroup",
      "exampleBoolean" : true
    },
    {
      "extension" : [{
        "url" : "http://hl7.org/fhir/tools/StructureDefinition/resource-information",
        "valueString" : "ServiceRequest"
      }],
      "reference" : {
        "reference" : "ServiceRequest/ct-head-iv-contrast"
      },
      "name" : "Radiology - S3 Get Recommendations - Response - 1.2 Scored procedure option 1 (original suggestion) - CT of head with IV contrast",
      "description" : "Radiology - S3 Get Recommendations - Response - 1.2 Scored procedure option 1 (original suggestion) - CT of head with IV contrast",
      "exampleBoolean" : true
    },
    {
      "extension" : [{
        "url" : "http://hl7.org/fhir/tools/StructureDefinition/resource-information",
        "valueString" : "ServiceRequest"
      }],
      "reference" : {
        "reference" : "ServiceRequest/ct-head-with-or-without-contrast"
      },
      "name" : "Radiology - S3 Get Recommendations - Response - 1.3 Scored procedure option 2 - CT of head with or without contrast",
      "description" : "Radiology - S3 Get Recommendations - Response - 1.3 Scored procedure option 2 - CT of head with or without contrast",
      "exampleBoolean" : true
    },
    {
      "extension" : [{
        "url" : "http://hl7.org/fhir/tools/StructureDefinition/resource-information",
        "valueString" : "ServiceRequest"
      }],
      "reference" : {
        "reference" : "ServiceRequest/mr-head-without-contrast"
      },
      "name" : "Radiology - S3 Get Recommendations - Response - 1.4 Scored procedure option 3 - MR of head without contrast",
      "description" : "Radiology - S3 Get Recommendations - Response - 1.4 Scored procedure option 3 - MR of head without contrast",
      "exampleBoolean" : true
    },
    {
      "extension" : [{
        "url" : "http://hl7.org/fhir/tools/StructureDefinition/resource-information",
        "valueString" : "ValueSet"
      }],
      "reference" : {
        "reference" : "ValueSet/recommendation-rating-vs"
      },
      "name" : "Recommendation rating",
      "description" : "Recommendation rating.",
      "exampleBoolean" : false
    },
    {
      "extension" : [{
        "url" : "http://hl7.org/fhir/tools/StructureDefinition/resource-information",
        "valueString" : "CodeSystem"
      }],
      "reference" : {
        "reference" : "CodeSystem/recommendation-rating"
      },
      "name" : "Recommendation rating",
      "description" : "Recommendation rating.",
      "exampleBoolean" : false
    }],
    "page" : {
      "extension" : [{
        "url" : "http://hl7.org/fhir/tools/StructureDefinition/ig-page-name",
        "valueUrl" : "toc.html"
      }],
      "nameUrl" : "toc.html",
      "title" : "Table of Contents",
      "generation" : "html",
      "page" : [{
        "extension" : [{
          "url" : "http://hl7.org/fhir/tools/StructureDefinition/ig-page-name",
          "valueUrl" : "index.html"
        }],
        "nameUrl" : "index.html",
        "title" : "Home",
        "generation" : "html"
      },
      {
        "extension" : [{
          "url" : "http://hl7.org/fhir/tools/StructureDefinition/ig-page-name",
          "valueUrl" : "functional-overview.html"
        }],
        "nameUrl" : "functional-overview.html",
        "title" : "Functional Overview",
        "generation" : "markdown",
        "page" : [{
          "extension" : [{
            "url" : "http://hl7.org/fhir/tools/StructureDefinition/ig-page-name",
            "valueUrl" : "radiology.html"
          }],
          "nameUrl" : "radiology.html",
          "title" : "Radiology",
          "generation" : "markdown"
        },
        {
          "extension" : [{
            "url" : "http://hl7.org/fhir/tools/StructureDefinition/ig-page-name",
            "valueUrl" : "antimicrobiology.html"
          }],
          "nameUrl" : "antimicrobiology.html",
          "title" : "Antimicrobiology",
          "generation" : "markdown"
        }]
      },
      {
        "extension" : [{
          "url" : "http://hl7.org/fhir/tools/StructureDefinition/ig-page-name",
          "valueUrl" : "changes.html"
        }],
        "nameUrl" : "changes.html",
        "title" : "Changes",
        "generation" : "html"
      },
      {
        "extension" : [{
          "url" : "http://hl7.org/fhir/tools/StructureDefinition/ig-page-name",
          "valueUrl" : "downloads.html"
        }],
        "nameUrl" : "downloads.html",
        "title" : "Downloads",
        "generation" : "html"
      }]
    },
    "parameter" : [{
      "code" : "path-resource",
      "value" : "input/capabilities"
    },
    {
      "code" : "path-resource",
      "value" : "input/examples"
    },
    {
      "code" : "path-resource",
      "value" : "input/extensions"
    },
    {
      "code" : "path-resource",
      "value" : "input/models"
    },
    {
      "code" : "path-resource",
      "value" : "input/operations"
    },
    {
      "code" : "path-resource",
      "value" : "input/profiles"
    },
    {
      "code" : "path-resource",
      "value" : "input/resources"
    },
    {
      "code" : "path-resource",
      "value" : "input/vocabulary"
    },
    {
      "code" : "path-resource",
      "value" : "input/maps"
    },
    {
      "code" : "path-resource",
      "value" : "input/testing"
    },
    {
      "code" : "path-resource",
      "value" : "input/history"
    },
    {
      "code" : "path-resource",
      "value" : "fsh-generated/resources"
    },
    {
      "code" : "path-pages",
      "value" : "template/config"
    },
    {
      "code" : "path-pages",
      "value" : "input/images"
    },
    {
      "code" : "path-tx-cache",
      "value" : "input-cache/txcache"
    }]
  }
}