<?xml version="1.0" encoding="UTF-8"?>

<Task xmlns="http://hl7.org/fhir">
  <id value="collect-information-a"/>
  <text>
    <status value="generated"/><div xmlns="http://www.w3.org/1999/xhtml"><p class="res-header-id"><b>Generated Narrative: Task collect-information-a</b></p><a name="collect-information-a"> </a><a name="hccollect-information-a"> </a><a name="collect-information-a-en-US"> </a><p><b>status</b>: Requested</p><p><b>intent</b>: proposal</p><p><b>code</b>: <span title="Codes:{http://hl7.org/fhir/uv/cpg/CodeSystem/cpg-activity-type-cs collect-information}">Collect information</span></p><p><b>for</b>: <a href="Patient-patient-a.html"> Female, DoB Unknown</a></p><h3>Inputs</h3><table class="grid"><tr><td style="display: none">-</td><td><b>Type</b></td><td><b>Value[x]</b></td></tr><tr><td style="display: none">*</td><td><span title="Codes:{http://hl7.org/fhir/uv/cpg/CodeSystem/cpg-activity-type-cs collect-information}">Collect information</span></td><td><a href="Questionnaire-q-collect-information-a.html">q-collect-information-a</a></td></tr></table></div>
  </text>
  <status value="requested"/>
  <intent value="proposal"/>
  <code>
    <coding>
      <system value="http://hl7.org/fhir/uv/cpg/CodeSystem/cpg-activity-type-cs"/>
      <code value="collect-information"/>
      <display value="Collect information"/>
    </coding>
  </code>
  <for>
    <reference value="Patient/patient-a"/>
  </for>
  <input>
    <type>
      <coding>
        <system value="http://hl7.org/fhir/uv/cpg/CodeSystem/cpg-activity-type-cs"/>
        <code value="collect-information"/>
        <display value="Collect information"/>
      </coding>
    </type>
    <valueReference>
      <reference value="https://www.ehealth.fgov.be/standards/fhir/pss/Questionnaire/q-collect-information-a"/>
    </valueReference>
  </input>
</Task>