{"resourceType":"ValueSet","id":"PSSRatingTypesVS","text":{"status":"generated","div":"<div xmlns=\"http://www.w3.org/1999/xhtml\"><p class=\"res-header-id\"><b>Generated Narrative: ValueSet PSSRatingTypesVS</b></p><a name=\"PSSRatingTypesVS\"> </a><a name=\"hcPSSRatingTypesVS\"> </a><a name=\"PSSRatingTypesVS-en-US\"> </a><ul><li>Include all codes defined in <a href=\"CodeSystem-PSSRatingTypes.html\"><code>https://www.ehealth.fgov.be/standards/fhir/pss/CodeSystem/PSSRatingTypes</code></a></li></ul></div>"},"url":"https://www.ehealth.fgov.be/standards/fhir/pss/ValueSet/PSSRatingTypesVS","identifier":[{"system":"urn:ietf:rfc:3986","value":"urn:oid:2.16.840.1.113883.2.51.22.2.48.9"}],"version":"1.0.0","name":"PSSRatingTypesVS","title":"Types of rating provided by the PSS system","status":"active","experimental":false,"date":"2025-05-14T09:05:29+00:00","publisher":"eHealth Platform Belgium","contact":[{"name":"eHealth Platform Belgium","telecom":[{"system":"url","value":"https://www.ehealth.fgov.be/standards/fhir/"},{"system":"email","value":"support@be-ehealth-standards.atlassian.net"}]},{"name":"Message Structure eHealth","telecom":[{"system":"email","value":"support@be-ehealth-standards.atlassian.net","use":"work"}]}],"description":"ValueSet - Types of rating provided by the PSS system","jurisdiction":[{"coding":[{"system":"urn:iso:std:iso:3166","code":"BE","display":"Belgium"}]}],"compose":{"include":[{"system":"https://www.ehealth.fgov.be/standards/fhir/pss/CodeSystem/PSSRatingTypes"}]}}