{"resourceType":"CodeSystem","id":"PSSBundleTags","text":{"status":"generated","div":"<div xmlns=\"http://www.w3.org/1999/xhtml\"><p class=\"res-header-id\"><b>Generated Narrative: CodeSystem PSSBundleTags</b></p><a name=\"PSSBundleTags\"> </a><a name=\"hcPSSBundleTags\"> </a><p>This case-insensitive code system <code>https://www.ehealth.fgov.be/standards/fhir/pss/CodeSystem/PSSBundleTags</code> defines the following codes:</p><table class=\"codes\"><tr><td style=\"white-space:nowrap\"><b>Code</b></td><td><b>Display</b></td></tr><tr><td style=\"white-space:nowrap\">recommendation<a name=\"PSSBundleTags-recommendation\"> </a></td><td>Recommendation</td></tr><tr><td style=\"white-space:nowrap\">feedback<a name=\"PSSBundleTags-feedback\"> </a></td><td>Feedback</td></tr></table></div>"},"url":"https://www.ehealth.fgov.be/standards/fhir/pss/CodeSystem/PSSBundleTags","identifier":[{"system":"urn:ietf:rfc:3986","value":"urn:oid:2.16.840.1.113883.2.51.22.2.16.7"}],"version":"1.0.0","name":"PSSBundleTags","title":"PSS Bundle Tags","status":"active","experimental":false,"date":"2026-01-14T15:47:07+00:00","publisher":"eHealth Platform Belgium","contact":[{"name":"eHealth Platform Belgium","telecom":[{"system":"url","value":"https://www.ehealth.fgov.be/standards/fhir/"},{"system":"email","value":"support@be-ehealth-standards.atlassian.net"}]},{"name":"Message Structure eHealth","telecom":[{"system":"email","value":"support@be-ehealth-standards.atlassian.net","use":"work"}]}],"description":"PSS Bundle Tags - Feedback, Recommendation","jurisdiction":[{"coding":[{"system":"urn:iso:std:iso:3166","code":"BE","display":"Belgium"}]}],"caseSensitive":false,"content":"complete","count":2,"concept":[{"code":"recommendation","display":"Recommendation"},{"code":"feedback","display":"Feedback"}]}