<?xml version="1.0" encoding="UTF-8"?><CodeSystem xmlns="http://hl7.org/fhir"><id value="PSSQSIConditions"/><text><status value="generated"/><div xmlns="http://www.w3.org/1999/xhtml"><p class="res-header-id"><b>Generated Narrative: CodeSystem PSSQSIConditions</b></p><a name="PSSQSIConditions"> </a><a name="hcPSSQSIConditions"> </a><a name="PSSQSIConditions-en-US"> </a><p>This case-sensitive code system <code>https://www.ehealth.fgov.be/standards/fhir/pss/CodeSystem/PSSQSIConditions</code> defines codes, but no codes are represented here</p></div></text><url value="https://www.ehealth.fgov.be/standards/fhir/pss/CodeSystem/PSSQSIConditions"/><version value="1.0.0"/><name value="PSSQSIConditions"/><title value="PSS-QSI condition codes"/><status value="active"/><experimental value="false"/><date value="2025-05-06T11:11:40+00:00"/><publisher value="eHealth Platform Belgium"/><contact><name value="eHealth Platform Belgium"/><telecom><system value="url"/><value value="https://www.ehealth.fgov.be/standards/fhir/"/></telecom><telecom><system value="email"/><value value="support@be-ehealth-standards.atlassian.net"/></telecom></contact><contact><name value="Message Structure eHealth"/><telecom><system value="email"/><value value="support@be-ehealth-standards.atlassian.net"/><use value="work"/></telecom></contact><description value="Condition codes from the QSI system"/><jurisdiction><coding><system value="urn:iso:std:iso:3166"/><code value="BE"/><display value="Belgium"/></coding></jurisdiction><caseSensitive value="true"/><content value="not-present"/></CodeSystem>