<?xml version="1.0" encoding="UTF-8"?>

<PlanDefinition xmlns="http://hl7.org/fhir">
  <id value="GetDataToCollect"/>
  <text>
    <status value="extensions"/><div xmlns="http://www.w3.org/1999/xhtml">
<div>
    <table class="grid dict">
        
        <tr>
            <th scope="row"><b>Id: </b></th>
            <td style="padding-left: 4px;">GetDataToCollect</td>
        </tr>
        

        
        <tr>
            <th scope="row"><b>Url: </b></th>
            <td style="padding-left: 4px;"><a href="PlanDefinition-GetDataToCollect.html">GetDataToCollect</a></td>
        </tr>
        

        
        <tr>
            <th scope="row"><b>Version: </b></th>
            <td style="padding-left: 4px;">1.0.0</td>
        </tr>
        

        
        <tr>
            <th scope="row">
                <b>
                    
                        
                    
                </b>
            </th>
            <td style="padding-left: 4px;">
                
                <p style="margin-bottom: 5px;">
                    <span>urn:oid:2.16.840.1.113883.2.51.22.2.34.1</span>
                </p>
                
            </td>
        </tr>
        

        

        

        

        

        
        <tr>
            <th scope="row"><b>Type: </b></th>
            <td style="padding-left: 4px;">
                
                    
                        
                        <p style="margin-bottom: 5px;">
                            <b>system: </b> <span><a href="http://terminology.hl7.org/7.0.1/CodeSystem-plan-definition-type.html">http://terminology.hl7.org/CodeSystem/plan-definition-type</a></span>
                        </p>
                        
                        
                        <p style="margin-bottom: 5px;">
                            <b>code: </b> <span>eca-rule</span>
                        </p>
                        
                        
                    
                
                
            </td>
        </tr>
        

        

        
        <tr>
            <th scope="row"><b>Date: </b></th>
            <td style="padding-left: 4px;">2026-01-14 16:01:39+0000</td>
        </tr>
        

        
        <tr>
            <th scope="row"><b>Publisher: </b></th>
            <td style="padding-left: 4px;">eHealth Platform Belgium</td>
        </tr>
        

        

        

        

        

        
        <tr>
            <th scope="row"><b>Jurisdiction: </b></th>
            <td style="padding-left: 4px;">BE</td>
        </tr>
        

        

        

        

        

        

        

        

        

        
        <tr>
            <th scope="row"><b>Actions: </b></th>
            <td style="padding-left: 4px;">
                <table class="grid-dict">
                    
                    <tr>
                        <td>
                            
                            <b> Determine additional information required:</b> Given input data, including age, gender, symptoms, and suspected diagnoses, determine what additional information should be collected
                            
                            <br/>
                            
                            
                            
                            
                            
                        </td>
                    </tr>
                    
                </table>
            </td>
        </tr>
        
    </table>
</div>
</div>
  </text>
  <url value="http://fhir.org/guides/cqf/cpg/example/PlanDefinition/GetDataToCollect"/>
  <identifier>
    <system value="urn:ietf:rfc:3986"/>
    <value value="urn:oid:2.16.840.1.113883.2.51.22.2.34.1"/>
  </identifier>
  <version value="1.0.0"/>
  <type>
    <coding>
      <system value="http://terminology.hl7.org/CodeSystem/plan-definition-type"/>
      <code value="eca-rule"/>
    </coding>
  </type>
  <status value="active"/>
  <date value="2026-01-14T16:01:39+00:00"/>
  <publisher value="eHealth Platform Belgium"/>
  <contact>
    <name value="eHealth Platform Belgium"/>
    <telecom>
      <system value="url"/>
      <value value="https://www.ehealth.fgov.be/standards/fhir/"/>
    </telecom>
    <telecom>
      <system value="email"/>
      <value value="support@be-ehealth-standards.atlassian.net"/>
    </telecom>
  </contact>
  <contact>
    <name value="Message Structure eHealth"/>
    <telecom>
      <system value="email"/>
      <value value="support@be-ehealth-standards.atlassian.net"/>
      <use value="work"/>
    </telecom>
  </contact>
  <jurisdiction>
    <coding>
      <system value="urn:iso:std:iso:3166"/>
      <code value="BE"/>
      <display value="Belgium"/>
    </coding>
  </jurisdiction>
  <action>
    <title value="Determine additional information required"/>
    <description value="Given input data, including age, gender, symptoms, and suspected diagnoses, determine what additional information should be collected"/>
    <code>
      <coding>
        <system value="http://hl7.org/fhir/uv/cpg/CodeSystem/cpg-common-process-cs"/>
        <code value="determine-diagnosis"/>
      </coding>
    </code>
    <input>
      <type value="Patient"/>
      <mustSupport value="birthDate"/>
      <mustSupport value="gender"/>
    </input>
    <input>
      <type value="Observation"/>
      <mustSupport value="category"/>
      <mustSupport value="code"/>
      <mustSupport value="value"/>
      <codeFilter>
        <path value="category"/>
        <code>
          <system value="http://terminology.hl7.org/CodeSystem/observation-category"/>
          <code value="vital-signs"/>
        </code>
      </codeFilter>
    </input>
    <input>
      <type value="Condition"/>
      <mustSupport value="category"/>
      <mustSupport value="code"/>
      <mustSupport value="clinicalStatus"/>
      <mustSupport value="verificationStatus"/>
      <mustSupport value="onset"/>
      <codeFilter>
        <path value="category"/>
        <code>
          <system value="http://terminology.hl7.org/CodeSystem/condition-category"/>
          <code value="encounter-diagnosis"/>
        </code>
        <code>
          <system value="http://terminology.hl7.org/CodeSystem/condition-category"/>
          <code value="problem-list-item"/>
        </code>
      </codeFilter>
    </input>
    <input>
      <type value="Condition"/>
      <codeFilter>
        <path value="verificationStatus"/>
        <code>
          <system value="http://terminology.hl7.org/CodeSystem/condition-ver-status"/>
          <code value="unconfirmed"/>
        </code>
      </codeFilter>
    </input>
    <output>
      <type value="Task"/>
      <profile value="https://www.ehealth.fgov.be/standards/fhir/pss/StructureDefinition/PSSQuestionnaireTask"/>
    </output>
    <output>
      <type value="Questionnaire"/>
    </output>
  </action>
</PlanDefinition>