<?xml version="1.0" encoding="UTF-8"?>

<CodeSystem xmlns="http://hl7.org/fhir">
  <id value="radiology-exposure-rating"/>
  <text>
    <status value="generated"/><div xmlns="http://www.w3.org/1999/xhtml"><p class="res-header-id"><b>Generated Narrative: CodeSystem radiology-exposure-rating</b></p><a name="radiology-exposure-rating"> </a><a name="hcradiology-exposure-rating"> </a><a name="radiology-exposure-rating-en-US"> </a><p>This  code system <code>https://www.ehealth.fgov.be/standards/fhir/medication/CodeSystem/radiology-exposure-rating</code> defines the following codes:</p><table class="codes"><tr><td style="white-space:nowrap"><b>Code</b></td><td><b>Display</b></td><td><b>Definition</b></td></tr><tr><td style="white-space:nowrap">green<a name="radiology-exposure-rating-green"> </a></td><td>Green</td><td>Ok.</td></tr><tr><td style="white-space:nowrap">yellow<a name="radiology-exposure-rating-yellow"> </a></td><td>Yellow</td><td>Please reconsider.</td></tr><tr><td style="white-space:nowrap">red<a name="radiology-exposure-rating-red"> </a></td><td>Red</td><td>Not OK.</td></tr></table></div>
  </text>
  <url value="https://www.ehealth.fgov.be/standards/fhir/medication/CodeSystem/radiology-exposure-rating"/>
  <version value="1.0.0"/>
  <name value="RadiologyExposureRatingCS"/>
  <title value="Radiation exposure rating"/>
  <status value="draft"/>
  <date value="2025-02-07T08:52:52+00:00"/>
  <publisher value="HL7 Belgium"/>
  <contact>
    <name value="HL7 Belgium"/>
    <telecom>
      <system value="url"/>
      <value value="https://www.hl7belgium.org"/>
    </telecom>
    <telecom>
      <system value="email"/>
      <value value="hl7belgium@hl7belgium.org"/>
    </telecom>
  </contact>
  <contact>
    <name value="Message Structure eHealth"/>
    <telecom>
      <system value="email"/>
      <value value="message-structure@ehealth.fgov.be"/>
      <use value="work"/>
    </telecom>
  </contact>
  <description value="Radiation exposure rating."/>
  <jurisdiction>
    <coding>
      <system value="urn:iso:std:iso:3166"/>
      <code value="BE"/>
      <display value="Belgium"/>
    </coding>
  </jurisdiction>
  <content value="complete"/>
  <count value="3"/>
  <concept>
    <code value="green"/>
    <display value="Green"/>
    <definition value="Ok."/>
  </concept>
  <concept>
    <code value="yellow"/>
    <display value="Yellow"/>
    <definition value="Please reconsider."/>
  </concept>
  <concept>
    <code value="red"/>
    <display value="Red"/>
    <definition value="Not OK."/>
  </concept>
</CodeSystem>