<?xml version="1.0" encoding="UTF-8"?>

<CommunicationRequest xmlns="http://hl7.org/fhir">
  <id value="ab-advice"/>
  <meta>
    <profile value="http://hl7.org/fhir/uv/cpg/StructureDefinition/cpg-communicationrequest"/>
  </meta>
  <text>
    <status value="extensions"/><div xmlns="http://www.w3.org/1999/xhtml"><p class="res-header-id"><b>Generated Narrative: CommunicationRequest ab-advice</b></p><a name="ab-advice"> </a><a name="hcab-advice"> </a><a name="ab-advice-en-US"> </a><p><b>CPG Rating Extension</b>: 3/3</p><p><b>status</b>: Active</p><p><b>subject</b>: <a href="Patient-patient-x.html">Anonymous Patient Female, DoB: 1989-09-12</a></p><blockquote><p><b>payload</b></p><p><b>content</b>: Antibioticum behandeling enkel bij storende klachten of bij verhoogd risico op vroeggeboorte...</p></blockquote><blockquote><p><b>payload</b></p><p><b>content</b>: Traitement antibiotique uniquement en cas de symptômes dérangeants ou de risque accru de naissance prématurée...</p></blockquote></div>
  </text>
  <extension url="http://hl7.org/fhir/uv/cpg/StructureDefinition/cpg-rating">
    <valueRatio>
      <numerator>
        <value value="3"/>
      </numerator>
      <denominator>
        <value value="3"/>
      </denominator>
    </valueRatio>
  </extension>
  <status value="active"/>
  <subject>
    <reference value="Patient/patient-x"/>
  </subject>
  <payload>
    <contentString value="Antibioticum behandeling enkel bij storende klachten of bij verhoogd risico op vroeggeboorte...">
      <extension url="http://hl7.org/fhir/StructureDefinition/language">
        <valueCode value="nl"/>
      </extension>
    </contentString>
  </payload>
  <payload>
    <contentString value="Traitement antibiotique uniquement en cas de symptômes dérangeants ou de risque accru de naissance prématurée...">
      <extension url="http://hl7.org/fhir/StructureDefinition/language">
        <valueCode value="fr"/>
      </extension>
    </contentString>
  </payload>
</CommunicationRequest>