URL,Version,Status,OIDs,Name,Title,Descriptino,Uses,Used,Sources
https://www.ehealth.fgov.be/standards/fhir/medication/ValueSet/condition-valueset,1.0.0,active,,Conditions,Antimicrobiology - Vaginitis-related conditions,"Antimicrobiology - S2 Get data to collect - Response - 1.4. ValueSet",,
https://www.ehealth.fgov.be/standards/fhir/medication/ValueSet/radiation-exposure-rating-vs,1.0.0,draft,,RadiationExposureRatingVS,Radiation exposure rating,"Radiation exposure rating.",,"Internal"
https://www.ehealth.fgov.be/standards/fhir/medication/ValueSet/recommendation-rating-vs,1.0.0,draft,,RecommendationRatingVS,Recommendation rating,"Recommendation rating.",,"Internal"
urn:uuid:f7b71489-ef57-4ce4-aa76-132b499688c8,null,active,,Conditions,Antimicrobiology - Vaginitis-related conditions,"Antimicrobiology - S2 Get data to collect - Response - 1.4. ValueSet",,
