{
  "resourceType" : "Condition",
  "id" : "proposed-diagnosis-3074220",
  "meta" : {
    "profile" : ["http://hl7.org/fhir/uv/cpg/StructureDefinition/cpg-condition"]
  },
  "text" : {
    "status" : "generated",
    "div" : "<div xmlns=\"http://www.w3.org/1999/xhtml\"><p class=\"res-header-id\"><b>Generated Narrative: Condition proposed-diagnosis-3074220</b></p><a name=\"proposed-diagnosis-3074220\"> </a><a name=\"hcproposed-diagnosis-3074220\"> </a><a name=\"proposed-diagnosis-3074220-en-US\"> </a><div style=\"display: inline-block; background-color: #d9e0e7; padding: 6px; margin: 4px; border: 1px solid #8da1b4; border-radius: 5px; line-height: 60%\"><p style=\"margin-bottom: 0px\"/><p style=\"margin-bottom: 0px\">Profile: <a href=\"http://hl7.org/fhir/uv/cpg/STU2/StructureDefinition-cpg-condition.html\">CPG Condition</a></p></div><p><b>clinicalStatus</b>: <span title=\"Codes:{http://terminology.hl7.org/CodeSystem/condition-clinical active}\">Active</span></p><p><b>verificationStatus</b>: <span title=\"Codes:{http://terminology.hl7.org/CodeSystem/condition-ver-status provisional}\">Provisional</span></p><p><b>category</b>: <span title=\"Codes:{http://terminology.hl7.org/CodeSystem/condition-category problem-list-item}\">Problem List Item</span></p><p><b>code</b>: <span title=\"Codes:{https://www.ehealth.fgov.be/standards/fhir/pss/CodeSystem/PSSQSIConditions 3074220}\">Ataxia, stroke suspected</span></p><p><b>subject</b>: <a href=\"Patient-patient-r.html\"> Male, DoB Unknown</a></p><p><b>onset</b>: 2025-03-03 13:24:10+0100</p></div>"
  },
  "clinicalStatus" : {
    "coding" : [{
      "system" : "http://terminology.hl7.org/CodeSystem/condition-clinical",
      "code" : "active"
    }]
  },
  "verificationStatus" : {
    "coding" : [{
      "system" : "http://terminology.hl7.org/CodeSystem/condition-ver-status",
      "code" : "provisional"
    }]
  },
  "category" : [{
    "coding" : [{
      "system" : "http://terminology.hl7.org/CodeSystem/condition-category",
      "code" : "problem-list-item"
    }]
  }],
  "code" : {
    "coding" : [{
      "system" : "https://www.ehealth.fgov.be/standards/fhir/pss/CodeSystem/PSSQSIConditions",
      "code" : "3074220",
      "display" : "Ataxia, stroke suspected"
    }]
  },
  "subject" : {
    "reference" : "Patient/patient-r"
  },
  "onsetDateTime" : "2025-03-03T13:24:10+01:00"
}