<?xml version="1.0" encoding="UTF-8"?>

<Bundle xmlns="http://hl7.org/fhir">
  <id value="radiology-getdiagnoses"/>
  <meta>
    <profile value="https://www.ehealth.fgov.be/standards/fhir/pss/StructureDefinition/PSSRequestBundle"/>
  </meta>
  <type value="collection"/>
  <entry>
    <fullUrl value="urn:uuid:30551ce1-5a28-4356-b684-3e639094ad48"/>
    <resource>
      <Patient>
        <id value="30551ce1-5a28-4356-b684-3e639094ad48"/>
        <meta>
          <profile value="https://www.ehealth.fgov.be/standards/fhir/pss/StructureDefinition/PSSPatient"/>
        </meta>
        <text>
          <status value="generated"/><div xmlns="http://www.w3.org/1999/xhtml"><a name="Patient_30551ce1-5a28-4356-b684-3e639094ad48"> </a><p class="res-header-id"><b>Generated Narrative: Patient 30551ce1-5a28-4356-b684-3e639094ad48</b></p><a name="30551ce1-5a28-4356-b684-3e639094ad48"> </a><a name="hc30551ce1-5a28-4356-b684-3e639094ad48"> </a><div style="display: inline-block; background-color: #d9e0e7; padding: 6px; margin: 4px; border: 1px solid #8da1b4; border-radius: 5px; line-height: 60%"><p style="margin-bottom: 0px"/><p style="margin-bottom: 0px">Profile: <a href="StructureDefinition-PSSPatient.html">PSS anonymised Patient</a></p></div><p style="border: 1px #661aff solid; background-color: #e6e6ff; padding: 10px;"> Male, DoB Unknown</p><hr/><table class="grid"><tr><td style="background-color: #f3f5da" title="Record is active">Active:</td><td>true</td><td style="background-color: #f3f5da" title="Known status of Patient">Deceased:</td><td colspan="3">false</td></tr><tr><td style="background-color: #f3f5da" title="The approximate, relevant age of the patient at the time of the search."><a href="StructureDefinition-PSSRelevantAge.html">PSS Relevant Patient Age</a></td><td colspan="3">53 y<span style="background: LightGoldenRodYellow"> (Details: UCUM  codey = 'y')</span></td></tr></table></div>
        </text>
        <extension url="https://www.ehealth.fgov.be/standards/fhir/pss/StructureDefinition/PSSRelevantAge">
          <valueAge>
            <value value="53"/>
            <system value="http://unitsofmeasure.org"/>
            <code value="y"/>
          </valueAge>
        </extension>
        <active value="true"/>
        <name>
          <extension url="http://hl7.org/fhir/StructureDefinition/data-absent-reason">
            <valueCode value="masked"/>
          </extension>
        </name>
        <gender value="male"/>
        <deceasedBoolean value="false"/>
      </Patient>
    </resource>
  </entry>
  <entry>
    <fullUrl value="urn:uuid:30551ce1-5a28-4356-b684-3e639094ad04"/>
    <resource>
      <Observation>
        <id value="ataxia"/>
        <text>
          <status value="generated"/><div xmlns="http://www.w3.org/1999/xhtml"><a name="Observation_ataxia"> </a><p class="res-header-id"><b>Generated Narrative: Observation ataxia</b></p><a name="ataxia"> </a><a name="hcataxia"> </a><p><b>status</b>: Final</p><p><b>code</b>: <span title="Codes:{http://snomed.info/sct 20262006}">Ataxia</span></p><p><b>subject</b>: <a href="Patient-30551ce1-5a28-4356-b684-3e639094ad48.html"> Male, DoB Unknown</a></p><p><b>effective</b>: 2025-06-02</p></div>
        </text>
        <status value="final"/>
        <code>
          <coding>
            <system value="http://snomed.info/sct"/>
            <code value="20262006"/>
            <display value="Ataxia"/>
          </coding>
        </code>
        <subject>
          <reference value="Patient/30551ce1-5a28-4356-b684-3e639094ad48"/>
        </subject>
        <effectiveDateTime value="2025-06-02"/>
      </Observation>
    </resource>
  </entry>
  <entry>
    <fullUrl value="urn:uuid:30551ce1-5a28-4356-b684-3e631234ad04"/>
    <resource>
      <ServiceRequest>
        <id value="ct-head-wo-iv-contrast"/>
        <meta>
          <versionId value="v1"/>
          <profile value="https://www.ehealth.fgov.be/standards/fhir/pss/StructureDefinition/PSSResponseServiceRequest"/>
        </meta>
        <text>
          <status value="generated"/><div xmlns="http://www.w3.org/1999/xhtml"><a name="ServiceRequest_ct-head-wo-iv-contrast"> </a><p class="res-header-id"><b>Generated Narrative: ServiceRequest ct-head-wo-iv-contrast</b></p><a name="ct-head-wo-iv-contrast"> </a><a name="hcct-head-wo-iv-contrast"> </a><div style="display: inline-block; background-color: #d9e0e7; padding: 6px; margin: 4px; border: 1px solid #8da1b4; border-radius: 5px; line-height: 60%"><p style="margin-bottom: 0px">version: v1</p><p style="margin-bottom: 0px">Profile: <a href="StructureDefinition-PSSResponseServiceRequest.html">PSS Response Service Request</a></p></div><p><b>identifier</b>: urn:uuid:30551ce1-5a28-4356-b684-3e639123ad02</p><p><b>status</b>: Active</p><p><b>intent</b>: Proposal</p><p><b>code</b>: <span title="Codes:{https://www.ehealth.fgov.be/standards/fhir/pss/CodeSystem/PSSQSIProcedures 114055}">CT, head, wo iv contrast</span></p><p><b>subject</b>: <a href="Patient-30551ce1-5a28-4356-b684-3e639094ad48.html"> Male, DoB Unknown</a></p></div>
        </text>
        <identifier>
          <value value="urn:uuid:30551ce1-5a28-4356-b684-3e639123ad02"/>
        </identifier>
        <status value="active"/>
        <intent value="proposal"/>
        <code>
          <coding>
            <system value="https://www.ehealth.fgov.be/standards/fhir/pss/CodeSystem/PSSQSIProcedures"/>
            <code value="114055"/>
            <display value="CT, head, wo iv contrast"/>
          </coding>
        </code>
        <subject>
          <reference value="Patient/30551ce1-5a28-4356-b684-3e639094ad48"/>
        </subject>
      </ServiceRequest>
    </resource>
  </entry>
</Bundle>