{
  "resourceType" : "PlanDefinition",
  "id" : "GetRecommendations",
  "text" : {
    "status" : "extensions",
    "div" : "<div xmlns=\"http://www.w3.org/1999/xhtml\">\n<div>\n    <table class=\"grid dict\">\n        \n        <tr>\n            <th scope=\"row\"><b>Id: </b></th>\n            <td style=\"padding-left: 4px;\">GetRecommendations</td>\n        </tr>\n        \n\n        \n        <tr>\n            <th scope=\"row\"><b>Url: </b></th>\n            <td style=\"padding-left: 4px;\"><a href=\"PlanDefinition-GetRecommendations.html\">GetRecommendations</a></td>\n        </tr>\n        \n\n        \n        <tr>\n            <th scope=\"row\"><b>Version: </b></th>\n            <td style=\"padding-left: 4px;\">1.0.0</td>\n        </tr>\n        \n\n        \n\n        \n\n        \n\n        \n\n        \n\n        \n        <tr>\n            <th scope=\"row\"><b>Type: </b></th>\n            <td style=\"padding-left: 4px;\">\n                \n                    \n                        \n                        <p style=\"margin-bottom: 5px;\">\n                            <b>system: </b> <span><a href=\"http://terminology.hl7.org/6.1.0/CodeSystem-plan-definition-type.html\">http://terminology.hl7.org/CodeSystem/plan-definition-type</a></span>\n                        </p>\n                        \n                        \n                        <p style=\"margin-bottom: 5px;\">\n                            <b>code: </b> <span>eca-rule</span>\n                        </p>\n                        \n                        \n                    \n                \n                \n            </td>\n        </tr>\n        \n\n        \n\n        \n        <tr>\n            <th scope=\"row\"><b>Date: </b></th>\n            <td style=\"padding-left: 4px;\">2025-04-30 14:16:07+0000</td>\n        </tr>\n        \n\n        \n        <tr>\n            <th scope=\"row\"><b>Publisher: </b></th>\n            <td style=\"padding-left: 4px;\">eHealth Platform Belgium</td>\n        </tr>\n        \n\n        \n\n        \n\n        \n\n        \n\n        \n        <tr>\n            <th scope=\"row\"><b>Jurisdiction: </b></th>\n            <td style=\"padding-left: 4px;\">BE</td>\n        </tr>\n        \n\n        \n\n        \n\n        \n\n        \n\n        \n\n        \n\n        \n\n        \n\n        \n        <tr>\n            <th scope=\"row\"><b>Actions: </b></th>\n            <td style=\"padding-left: 4px;\">\n                <table class=\"grid-dict\">\n                    \n                    <tr>\n                        <td>\n                            \n                            <b> Determine potential treatments given relevant patient information:</b> Given input data, including age, gender, symptoms, diagnoses, and possible orders, determine potential treatments\n                            \n                            <br/>\n                            \n                            \n                            \n                            \n                            \n                        </td>\n                    </tr>\n                    \n                </table>\n            </td>\n        </tr>\n        \n    </table>\n</div>\n</div>"
  },
  "url" : "http://fhir.org/guides/cqf/cpg/example/PlanDefinition/GetRecommendations",
  "version" : "1.0.0",
  "type" : {
    "coding" : [{
      "system" : "http://terminology.hl7.org/CodeSystem/plan-definition-type",
      "code" : "eca-rule"
    }]
  },
  "status" : "active",
  "date" : "2025-04-30T14:16:07+00:00",
  "publisher" : "eHealth Platform Belgium",
  "contact" : [{
    "name" : "eHealth Platform Belgium",
    "telecom" : [{
      "system" : "url",
      "value" : "https://www.ehealth.fgov.be/standards/fhir/"
    },
    {
      "system" : "email",
      "value" : "support@be-ehealth-standards.atlassian.net"
    }]
  },
  {
    "name" : "Message Structure eHealth",
    "telecom" : [{
      "system" : "email",
      "value" : "support@be-ehealth-standards.atlassian.net",
      "use" : "work"
    }]
  }],
  "jurisdiction" : [{
    "coding" : [{
      "system" : "urn:iso:std:iso:3166",
      "code" : "BE",
      "display" : "Belgium"
    }]
  }],
  "action" : [{
    "title" : "Determine potential treatments given relevant patient information",
    "description" : "Given input data, including age, gender, symptoms, diagnoses, and possible orders, determine potential treatments",
    "code" : [{
      "coding" : [{
        "system" : "http://hl7.org/fhir/uv/cpg/CodeSystem/cpg-common-process-cs",
        "code" : "guideline-based-care"
      }]
    }],
    "input" : [{
      "type" : "Patient",
      "mustSupport" : ["birthDate",
      "gender"]
    },
    {
      "type" : "Observation",
      "mustSupport" : ["category",
      "code",
      "value"],
      "codeFilter" : [{
        "path" : "category",
        "code" : [{
          "system" : "http://terminology.hl7.org/CodeSystem/observation-category",
          "code" : "vital-signs"
        }]
      }]
    },
    {
      "type" : "Condition",
      "mustSupport" : ["category",
      "code",
      "clinicalStatus",
      "verificationStatus",
      "onset"],
      "codeFilter" : [{
        "path" : "category",
        "code" : [{
          "system" : "http://terminology.hl7.org/CodeSystem/condition-category",
          "code" : "encounter-diagnosis"
        },
        {
          "system" : "http://terminology.hl7.org/CodeSystem/condition-category",
          "code" : "problem-list-item"
        }]
      }]
    },
    {
      "type" : "ServiceRequest",
      "mustSupport" : ["category",
      "code"]
    }],
    "output" : [{
      "type" : "ServiceRequest",
      "profile" : ["http://hl7.org/fhir/uv/cpg/StructureDefinition/cpg-servicerequest"]
    },
    {
      "type" : "MedicationRequest",
      "profile" : ["http://hl7.org/fhir/uv/cpg/StructureDefinition/cpg-medicationrequest"]
    }]
  }]
}