{"resourceType":"PlanDefinition","id":"GetRecommendations","url":"http://fhir.org/guides/cqf/cpg/example/PlanDefinition/GetRecommendations","version":"1.0.0","type":{"coding":[{"system":"http://terminology.hl7.org/CodeSystem/plan-definition-type","code":"eca-rule"}]},"status":"active","date":"2025-04-17T11:28:46+00:00","publisher":"HL7 Belgium","contact":[{"name":"HL7 Belgium","telecom":[{"system":"url","value":"https://www.hl7belgium.org"},{"system":"email","value":"hl7belgium@hl7belgium.org"}]},{"name":"Message Structure eHealth","telecom":[{"system":"email","value":"message-structure@ehealth.fgov.be","use":"work"}]}],"jurisdiction":[{"coding":[{"system":"urn:iso:std:iso:3166","code":"BE","display":"Belgium"}]}],"action":[{"title":"Determine potential treatments given relevant patient information","description":"Given input data, including age, gender, symptoms, diagnoses, and possible orders, determine potential treatments","code":[{"coding":[{"system":"http://hl7.org/fhir/uv/cpg/CodeSystem/cpg-common-process-cs","code":"guideline-based-care"}]}],"input":[{"type":"Patient","mustSupport":["birthDate","gender"]},{"type":"Observation","mustSupport":["category","code","value"],"codeFilter":[{"path":"category","code":[{"system":"http://terminology.hl7.org/CodeSystem/observation-category","code":"vital-signs"}]}]},{"type":"Condition","mustSupport":["category","code","clinicalStatus","verificationStatus","onset"],"codeFilter":[{"path":"category","code":[{"system":"http://terminology.hl7.org/CodeSystem/condition-category","code":"encounter-diagnosis"},{"system":"http://terminology.hl7.org/CodeSystem/condition-category","code":"problem-list-item"}]}]},{"type":"ServiceRequest","mustSupport":["category","code"]}],"output":[{"type":"ServiceRequest","profile":["http://hl7.org/fhir/uv/cpg/StructureDefinition/cpg-servicerequest"]},{"type":"MedicationRequest","profile":["http://hl7.org/fhir/uv/cpg/StructureDefinition/cpg-medicationrequest"]}]}]}