<?xml version="1.0" encoding="UTF-8"?><PlanDefinition xmlns="http://hl7.org/fhir"><id value="GetDataToCollect"/><url value="http://fhir.org/guides/cqf/cpg/example/PlanDefinition/GetDataToCollect"/><identifier><system value="urn:ietf:rfc:3986"/><value value="urn:oid:2.16.840.1.113883.2.51.22.2.34.1"/></identifier><version value="1.0.0"/><type><coding><system value="http://terminology.hl7.org/CodeSystem/plan-definition-type"/><code value="eca-rule"/></coding></type><status value="active"/><date value="2025-08-12T08:03:41+00:00"/><publisher value="eHealth Platform Belgium"/><contact><name value="eHealth Platform Belgium"/><telecom><system value="url"/><value value="https://www.ehealth.fgov.be/standards/fhir/"/></telecom><telecom><system value="email"/><value value="support@be-ehealth-standards.atlassian.net"/></telecom></contact><contact><name value="Message Structure eHealth"/><telecom><system value="email"/><value value="support@be-ehealth-standards.atlassian.net"/><use value="work"/></telecom></contact><jurisdiction><coding><system value="urn:iso:std:iso:3166"/><code value="BE"/><display value="Belgium"/></coding></jurisdiction><action><title value="Determine additional information required"/><description value="Given input data, including age, gender, symptoms, and suspected diagnoses, determine what additional information should be collected"/><code><coding><system value="http://hl7.org/fhir/uv/cpg/CodeSystem/cpg-common-process-cs"/><code value="determine-diagnosis"/></coding></code><input><type value="Patient"/><mustSupport value="birthDate"/><mustSupport value="gender"/></input><input><type value="Observation"/><mustSupport value="category"/><mustSupport value="code"/><mustSupport value="value"/><codeFilter><path value="category"/><code><system value="http://terminology.hl7.org/CodeSystem/observation-category"/><code value="vital-signs"/></code></codeFilter></input><input><type value="Condition"/><mustSupport value="category"/><mustSupport value="code"/><mustSupport value="clinicalStatus"/><mustSupport value="verificationStatus"/><mustSupport value="onset"/><codeFilter><path value="category"/><code><system value="http://terminology.hl7.org/CodeSystem/condition-category"/><code value="encounter-diagnosis"/></code><code><system value="http://terminology.hl7.org/CodeSystem/condition-category"/><code value="problem-list-item"/></code></codeFilter></input><input><type value="Condition"/><codeFilter><path value="verificationStatus"/><code><system value="http://terminology.hl7.org/CodeSystem/condition-ver-status"/><code value="unconfirmed"/></code></codeFilter></input><output><type value="Task"/><profile value="https://www.ehealth.fgov.be/standards/fhir/pss/StructureDefinition/PSSQuestionnaireTask"/></output><output><type value="Questionnaire"/></output></action></PlanDefinition>