<?xml version="1.0" encoding="UTF-8"?><ValueSet xmlns="http://hl7.org/fhir"><id value="PSSFeedbackReasonsVS"/><text><status value="generated"/><div xmlns="http://www.w3.org/1999/xhtml"><p class="res-header-id"><b>Generated Narrative: ValueSet PSSFeedbackReasonsVS</b></p><a name="PSSFeedbackReasonsVS"> </a><a name="hcPSSFeedbackReasonsVS"> </a><ul><li>Include all codes defined in <a href="CodeSystem-PSSFeedbackReasons.html"><code>https://www.ehealth.fgov.be/standards/fhir/pss/CodeSystem/PSSFeedbackReasons</code></a></li></ul></div></text><url value="https://www.ehealth.fgov.be/standards/fhir/pss/ValueSet/PSSFeedbackReasonsVS"/><identifier><system value="urn:ietf:rfc:3986"/><value value="urn:oid:2.16.840.1.113883.2.51.22.2.48.13"/></identifier><version value="1.0.0"/><name value="PSSFeedbackReasonsVS"/><title value="PSS Feedback Code Reasons"/><status value="active"/><date value="2025-08-12T08:03:41+00:00"/><publisher value="eHealth Platform Belgium"/><contact><name value="eHealth Platform Belgium"/><telecom><system value="url"/><value value="https://www.ehealth.fgov.be/standards/fhir/"/></telecom><telecom><system value="email"/><value value="support@be-ehealth-standards.atlassian.net"/></telecom></contact><contact><name value="Message Structure eHealth"/><telecom><system value="email"/><value value="support@be-ehealth-standards.atlassian.net"/><use value="work"/></telecom></contact><description value="Feedback code reasons for PSS"/><jurisdiction><coding><system value="urn:iso:std:iso:3166"/><code value="BE"/><display value="Belgium"/></coding></jurisdiction><compose><include><system value="https://www.ehealth.fgov.be/standards/fhir/pss/CodeSystem/PSSFeedbackReasons"/></include></compose></ValueSet>