{
  "resourceType" : "RequestGroup",
  "id" : "no-response-group",
  "meta" : {
    "profile" : ["https://www.ehealth.fgov.be/standards/fhir/pss/StructureDefinition/PSSResponseRequestGroup"]
  },
  "text" : {
    "status" : "generated",
    "div" : "<div xmlns=\"http://www.w3.org/1999/xhtml\"><p class=\"res-header-id\"><b>Generated Narrative: RequestGroup no-response-group</b></p><a name=\"no-response-group\"> </a><a name=\"hcno-response-group\"> </a><div style=\"display: inline-block; background-color: #d9e0e7; padding: 6px; margin: 4px; border: 1px solid #8da1b4; border-radius: 5px; line-height: 60%\"><p style=\"margin-bottom: 0px\"/><p style=\"margin-bottom: 0px\">Profile: <a href=\"StructureDefinition-PSSResponseRequestGroup.html\">PSS Response Request Group</a></p></div><p><b>status</b>: Active</p><p><b>intent</b>: Proposal</p><blockquote><p><b>action</b></p><h3>Actions</h3><table class=\"grid\"><tr><td style=\"display: none\">-</td><td><b>Title</b></td><td><b>Code</b></td><td><b>Resource</b></td></tr><tr><td style=\"display: none\">*</td><td>PSS niet geactiveerd</td><td><span title=\"Codes:{https://www.ehealth.fgov.be/standards/fhir/pss/CodeSystem/pss-exception-codes guidance-unavailable}\">Guidance unavailable</span></td><td><a href=\"CommunicationRequest-1e6c8c0a-9f7f-4f65-bc16-3a7a5e7b29c2.html\">CommunicationRequest: status = active</a></td></tr></table></blockquote></div>"
  },
  "status" : "active",
  "intent" : "proposal",
  "action" : [{
    "action" : [{
      "title" : "PSS niet geactiveerd",
      "_title" : {
        "extension" : [{
          "extension" : [{
            "url" : "lang",
            "valueCode" : "fr-BE"
          },
          {
            "url" : "content",
            "valueString" : "PSS non activé"
          }],
          "url" : "http://hl7.org/fhir/StructureDefinition/translation"
        }]
      },
      "code" : [{
        "coding" : [{
          "system" : "https://www.ehealth.fgov.be/standards/fhir/pss/CodeSystem/pss-exception-codes",
          "code" : "guidance-unavailable"
        }]
      }],
      "resource" : {
        "reference" : "CommunicationRequest/1e6c8c0a-9f7f-4f65-bc16-3a7a5e7b29c2"
      }
    }]
  }]
}