<?xml version="1.0" encoding="UTF-8"?>

<Task xmlns="http://hl7.org/fhir">
  <id value="26491cef-c5c7-4c5f-b10b-839e938f6b3d"/>
  <meta>
    <profile value="https://www.ehealth.fgov.be/standards/fhir/pss/StructureDefinition/PSSQuestionnaireTask"/>
  </meta>
  <text>
    <status value="generated"/><div xmlns="http://www.w3.org/1999/xhtml"><p class="res-header-id"><b>Generated Narrative: Task 26491cef-c5c7-4c5f-b10b-839e938f6b3d</b></p><a name="26491cef-c5c7-4c5f-b10b-839e938f6b3d"> </a><a name="hc26491cef-c5c7-4c5f-b10b-839e938f6b3d"> </a><div style="display: inline-block; background-color: #d9e0e7; padding: 6px; margin: 4px; border: 1px solid #8da1b4; border-radius: 5px; line-height: 60%"><p style="margin-bottom: 0px"/><p style="margin-bottom: 0px">Profile: <a href="StructureDefinition-PSSQuestionnaireTask.html">PSS Questionnaire Task</a></p></div><p><b>status</b>: Requested</p><p><b>intent</b>: proposal</p><p><b>code</b>: <span title="Codes:{http://hl7.org/fhir/uv/cpg/CodeSystem/cpg-activity-type-cs collect-information}">Collect information</span></p><h3>Inputs</h3><table class="grid"><tr><td style="display: none">-</td><td><b>Type</b></td><td><b>Value[x]</b></td></tr><tr><td style="display: none">*</td><td><span title="Codes:{http://hl7.org/fhir/uv/cpg/CodeSystem/cpg-activity-type-cs collect-information}">Collect information</span></td><td><a href="Questionnaire-26491cef-c5c7-4c5f-b10b-839e938f6b3e.html">TCConsentForm</a></td></tr></table></div>
  </text>
  <status value="requested"/>
  <intent value="proposal"/>
  <code>
    <coding>
      <system value="http://hl7.org/fhir/uv/cpg/CodeSystem/cpg-activity-type-cs"/>
      <code value="collect-information"/>
      <display value="Collect information"/>
    </coding>
  </code>
  <input>
    <type>
      <coding>
        <system value="http://hl7.org/fhir/uv/cpg/CodeSystem/cpg-activity-type-cs"/>
        <code value="collect-information"/>
        <display value="Collect information"/>
      </coding>
    </type>
    <valueCanonical value="http://openhie.org/fhir/Questionnaire/hiv-case-report-questionnaire"/>
  </input>
</Task>