<?xml version="1.0" encoding="UTF-8"?><ValueSet xmlns="http://hl7.org/fhir"><id value="ChlamydiaCodes"/><text><status value="generated"/><div xmlns="http://www.w3.org/1999/xhtml"><p class="res-header-id"><b>Generated Narrative: ValueSet ChlamydiaCodes</b></p><a name="ChlamydiaCodes"> </a><a name="hcChlamydiaCodes"> </a><a name="ChlamydiaCodes-en-US"> </a><p>This value set includes codes based on the following rules:</p><ul><li>Include these codes as defined in <a href="http://terminology.hl7.org/6.1.0/CodeSystem-icd10CM.html"><code>http://hl7.org/fhir/sid/icd-10-cm</code></a><table class="none"><tr><td style="white-space:nowrap"><b>Code</b></td><td><b>Display</b></td></tr><tr><td>A56.0</td><td style="color: #cccccc">Chlamydial infection of lower genitourinary tract</td></tr><tr><td>A56.2</td><td style="color: #cccccc">Chlamydial infection of genitourinary tract, unspecified</td></tr></table></li><li>Include these codes as defined in <a href="http://www.snomed.org/"><code>http://snomed.info/sct</code></a><table class="none"><tr><td style="white-space:nowrap"><b>Code</b></td><td><b>Display</b></td></tr><tr><td><a href="http://snomed.info/id/236683007">236683007</a></td><td style="color: #cccccc">Chlamydial urethritis</td></tr><tr><td><a href="http://snomed.info/id/186729003">186729003</a></td><td style="color: #cccccc">Chlamydial infection of lower genitourinary tract</td></tr></table></li></ul></div></text><url value="https://www.ehealth.fgov.be/standards/fhir/pss/ValueSet/ChlamydiaCodes"/><version value="1.0.0"/><name value="ChlamydiaCodes"/><title value="Chlamydia Codes"/><status value="active"/><experimental value="true"/><date value="2025-04-17T11:28:46+00:00"/><publisher value="HL7 Belgium"/><contact><name value="HL7 Belgium"/><telecom><system value="url"/><value value="https://www.hl7belgium.org"/></telecom><telecom><system value="email"/><value value="hl7belgium@hl7belgium.org"/></telecom></contact><contact><name value="Message Structure eHealth"/><telecom><system value="email"/><value value="message-structure@ehealth.fgov.be"/><use value="work"/></telecom></contact><description value="Chlamydia Codes"/><jurisdiction><coding><system value="urn:iso:std:iso:3166"/><code value="BE"/><display value="Belgium"/></coding></jurisdiction><compose><include><system value="http://hl7.org/fhir/sid/icd-10-cm"/><concept><code value="A56.0"/></concept><concept><code value="A56.2"/></concept></include><include><system value="http://snomed.info/sct"/><concept><code value="236683007"/></concept><concept><code value="186729003"/></concept></include></compose></ValueSet>