<?xml version="1.0" encoding="UTF-8"?>

<RequestGroup xmlns="http://hl7.org/fhir">
  <id value="any-service-no-response-group"/>
  <meta>
    <profile value="https://www.ehealth.fgov.be/standards/fhir/pss/StructureDefinition/PSSResponseRequestGroup"/>
  </meta>
  <text>
    <status value="generated"/><div xmlns="http://www.w3.org/1999/xhtml"><p class="res-header-id"><b>Generated Narrative: RequestGroup any-service-no-response-group</b></p><a name="any-service-no-response-group"> </a><a name="hcany-service-no-response-group"> </a><div style="display: inline-block; background-color: #d9e0e7; padding: 6px; margin: 4px; border: 1px solid #8da1b4; border-radius: 5px; line-height: 60%"><p style="margin-bottom: 0px"/><p style="margin-bottom: 0px">Profile: <a href="StructureDefinition-PSSResponseRequestGroup.html">PSS Response Request Group</a></p></div><p><b>status</b>: Active</p><p><b>intent</b>: Proposal</p><p><b>subject</b>: <a href="Patient-30551ce1-5a28-4356-b684-2e639094ad48.html"> Female, DoB Unknown</a></p><h3>Actions</h3><table class="grid"><tr><td style="display: none">-</td><td><b>Title</b></td><td><b>TextEquivalent</b></td><td><b>Code</b></td><td><b>SelectionBehavior</b></td></tr><tr><td style="display: none">*</td><td>Geen aanbevelingen gevonden</td><td>Geen aanbevelingen gevonden</td><td><span title="Codes:">noAdviceforyou</span></td><td>At Most One</td></tr></table></div>
  </text>
  <status value="active"/>
  <intent value="proposal"/>
  <subject>
    <reference value="Patient/30551ce1-5a28-4356-b684-2e639094ad48"/>
  </subject>
  <action>
    <title value="Geen aanbevelingen gevonden"/>
    <textEquivalent value="Geen aanbevelingen gevonden"/>
    <code>
      <coding>
        <code value="noAdviceforyou"/>
      </coding>
    </code>
    <selectionBehavior value="at-most-one"/>
  </action>
</RequestGroup>