{
  "resourceType" : "CodeSystem",
  "id" : "PSSQSIProcedures",
  "text" : {
    "status" : "generated",
    "div" : "<div xmlns=\"http://www.w3.org/1999/xhtml\"><p class=\"res-header-id\"><b>Generated Narrative: CodeSystem PSSQSIProcedures</b></p><a name=\"PSSQSIProcedures\"> </a><a name=\"hcPSSQSIProcedures\"> </a><a name=\"PSSQSIProcedures-en-US\"> </a><p>This case-sensitive code system <code>https://www.ehealth.fgov.be/standards/fhir/pss/CodeSystem/PSSQSIProcedures</code> defines codes, but no codes are represented here</p></div>"
  },
  "url" : "https://www.ehealth.fgov.be/standards/fhir/pss/CodeSystem/PSSQSIProcedures",
  "version" : "1.0.0",
  "name" : "PSSQSIProcedures",
  "title" : "PSS-QSI procedure codes",
  "status" : "draft",
  "experimental" : false,
  "date" : "2025-04-06T06:02:42+00:00",
  "publisher" : "HL7 Belgium",
  "contact" : [{
    "name" : "HL7 Belgium",
    "telecom" : [{
      "system" : "url",
      "value" : "https://www.hl7belgium.org"
    },
    {
      "system" : "email",
      "value" : "hl7belgium@hl7belgium.org"
    }]
  },
  {
    "name" : "Message Structure eHealth",
    "telecom" : [{
      "system" : "email",
      "value" : "message-structure@ehealth.fgov.be",
      "use" : "work"
    }]
  }],
  "description" : "Procedure codes from the QSI system",
  "jurisdiction" : [{
    "coding" : [{
      "system" : "urn:iso:std:iso:3166",
      "code" : "BE",
      "display" : "Belgium"
    }]
  }],
  "caseSensitive" : true,
  "content" : "not-present"
}