<?xml version="1.0" encoding="UTF-8"?>

<Condition xmlns="http://hl7.org/fhir">
  <id value="b90ca57a-1ae5-4ff6-8dce-48488660ea65"/>
  <meta>
    <profile value="http://hl7.org/fhir/uv/cpg/StructureDefinition/cpg-condition"/>
  </meta>
  <text>
    <status value="generated"/><div xmlns="http://www.w3.org/1999/xhtml"><p class="res-header-id"><b>Generated Narrative: Condition b90ca57a-1ae5-4ff6-8dce-48488660ea65</b></p><a name="b90ca57a-1ae5-4ff6-8dce-48488660ea65"> </a><a name="hcb90ca57a-1ae5-4ff6-8dce-48488660ea65"> </a><div style="display: inline-block; background-color: #d9e0e7; padding: 6px; margin: 4px; border: 1px solid #8da1b4; border-radius: 5px; line-height: 60%"><p style="margin-bottom: 0px"/><p style="margin-bottom: 0px">Profile: <a href="http://hl7.org/fhir/uv/cpg/STU2/StructureDefinition-cpg-condition.html">CPG Condition</a></p></div><p><b>clinicalStatus</b>: <span title="Codes:{http://terminology.hl7.org/CodeSystem/condition-clinical active}">Active</span></p><p><b>verificationStatus</b>: <span title="Codes:{http://terminology.hl7.org/CodeSystem/condition-ver-status provisional}">Provisional</span></p><p><b>category</b>: <span title="Codes:{http://terminology.hl7.org/CodeSystem/condition-category problem-list-item}">Problem List Item</span></p><p><b>code</b>: <span title="Codes:{https://www.ehealth.fgov.be/standards/fhir/pss/CodeSystem/PSSQSIConditions 3074222}">Ataxia, post head trauma</span></p><p><b>subject</b>: <a href="Patient-30551ce1-5a28-4356-b684-3e639094ad48.html"> Male, DoB Unknown</a></p><p><b>onset</b>: 2025-03-03 13:24:10+0100</p></div>
  </text>
  <clinicalStatus>
    <coding>
      <system value="http://terminology.hl7.org/CodeSystem/condition-clinical"/>
      <code value="active"/>
    </coding>
  </clinicalStatus>
  <verificationStatus>
    <coding>
      <system value="http://terminology.hl7.org/CodeSystem/condition-ver-status"/>
      <code value="provisional"/>
    </coding>
  </verificationStatus>
  <category>
    <coding>
      <system value="http://terminology.hl7.org/CodeSystem/condition-category"/>
      <code value="problem-list-item"/>
    </coding>
  </category>
  <code>
    <coding>
      <system value="https://www.ehealth.fgov.be/standards/fhir/pss/CodeSystem/PSSQSIConditions"/>
      <code value="3074222"/>
      <display value="Ataxia, post head trauma"/>
    </coding>
  </code>
  <subject>
    <reference value="Patient/30551ce1-5a28-4356-b684-3e639094ad48"/>
  </subject>
  <onsetDateTime value="2025-03-03T13:24:10+01:00"/>
</Condition>