<?xml version="1.0" encoding="UTF-8"?>

<ValueSet xmlns="http://hl7.org/fhir">
  <id value="condition-valueset"/>
  <text>
    <status value="generated"/><div xmlns="http://www.w3.org/1999/xhtml"><p class="res-header-id"><b>Generated Narrative: ValueSet condition-valueset</b></p><a name="condition-valueset"> </a><a name="hccondition-valueset"> </a><a name="condition-valueset-en-US"> </a><p>This value set expansion contains 3 concepts.</p><table class="codes"><tr><td style="white-space:nowrap"><b>Code</b></td><td><b>System</b></td><td><b>Display</b></td></tr><tr><td style="white-space:nowrap"><a name="condition-valueset-http://snomed.info/sct-419760006"> </a>  <a href="http://snomed.info/id/419760006">419760006</a></td><td>http://snomed.info/sct</td><td>Bacterial vaginosis</td></tr><tr><td style="white-space:nowrap"><a name="condition-valueset-http://snomed.info/sct-276877003"> </a>  <a href="http://snomed.info/id/276877003">276877003</a></td><td>http://snomed.info/sct</td><td>Trichomonal vaginitis</td></tr><tr><td style="white-space:nowrap"><a name="condition-valueset-http://snomed.info/sct-72934000"> </a>  <a href="http://snomed.info/id/72934000">72934000</a></td><td>http://snomed.info/sct</td><td>Candidiasis of vagina</td></tr></table></div>
  </text>
  <url value="https://www.ehealth.fgov.be/standards/fhir/medication/ValueSet/condition-valueset"/>
  <version value="1.0.0"/>
  <name value="Conditions"/>
  <title value="Antimicrobiology - Vaginitis-related conditions"/>
  <status value="active"/>
  <experimental value="false"/>
  <date value="2025-02-19T10:40:21+00:00"/>
  <publisher value="HL7 Belgium"/>
  <contact>
    <name value="HL7 Belgium"/>
    <telecom>
      <system value="url"/>
      <value value="https://www.hl7belgium.org"/>
    </telecom>
    <telecom>
      <system value="email"/>
      <value value="hl7belgium@hl7belgium.org"/>
    </telecom>
  </contact>
  <contact>
    <name value="Message Structure eHealth"/>
    <telecom>
      <system value="email"/>
      <value value="message-structure@ehealth.fgov.be"/>
      <use value="work"/>
    </telecom>
  </contact>
  <description value="Antimicrobiology - S2 Get data to collect - Response - 1.4. ValueSet"/>
  <jurisdiction>
    <coding>
      <system value="urn:iso:std:iso:3166"/>
      <code value="BE"/>
      <display value="Belgium"/>
    </coding>
  </jurisdiction>
  <expansion>
    <timestamp value="2015-06-22T13:56:07Z"/>
    <contains>
      <system value="http://snomed.info/sct"/>
      <code value="419760006"/>
      <display value="Bacterial vaginosis"/>
    </contains>
    <contains>
      <system value="http://snomed.info/sct"/>
      <code value="276877003"/>
      <display value="Trichomonal vaginitis"/>
    </contains>
    <contains>
      <system value="http://snomed.info/sct"/>
      <code value="72934000"/>
      <display value="Candidiasis of vagina"/>
    </contains>
  </expansion>
</ValueSet>