<?xml version="1.0" encoding="UTF-8"?><ValueSet xmlns="http://hl7.org/fhir"><id value="CompromisedImmuneSystemCodes"/><text><status value="generated"/><div xmlns="http://www.w3.org/1999/xhtml"><p class="res-header-id"><b>Generated Narrative: ValueSet CompromisedImmuneSystemCodes</b></p><a name="CompromisedImmuneSystemCodes"> </a><a name="hcCompromisedImmuneSystemCodes"> </a><a name="CompromisedImmuneSystemCodes-en-US"> </a><p>This value set includes codes based on the following rules:</p><ul><li>Include these codes as defined in <code>http://hl7.org/fhir/sid/icpc2</code><table class="none"><tr><td style="white-space:nowrap"><b>Code</b></td><td><b>Display</b></td></tr><tr><td>B90</td><td/></tr><tr><td>B72</td><td/></tr></table></li><li>Include these codes as defined in <a href="http://terminology.hl7.org/6.1.0/CodeSystem-icd10.html"><code>http://hl7.org/fhir/sid/icd-10</code></a><table class="none"><tr><td style="white-space:nowrap"><b>Code</b></td><td><b>Display</b></td></tr><tr><td>D70</td><td style="color: #cccccc">Agranulocytosis</td></tr><tr><td>D71</td><td style="color: #cccccc">Functional disorders of polymorphonuclear neutrophils</td></tr></table></li><li>Include these codes as defined in <a href="http://www.snomed.org/"><code>http://snomed.info/sct</code></a><table class="none"><tr><td style="white-space:nowrap"><b>Code</b></td><td><b>Display</b></td></tr><tr><td><a href="http://snomed.info/id/234532001">234532001</a></td><td style="color: #cccccc">Immunodeficiency disorder</td></tr><tr><td><a href="http://snomed.info/id/62479008">62479008</a></td><td style="color: #cccccc">AIDS</td></tr><tr><td><a href="http://snomed.info/id/445945000">445945000</a></td><td style="color: #cccccc">Infectious disease with acquired immune deficiency syndrome (disorder)</td></tr></table></li></ul></div></text><url value="https://www.ehealth.fgov.be/standards/fhir/pss/ValueSet/CompromisedImmuneSystemCodes"/><version value="1.0.0"/><name value="CompromisedImmuneSystemCodes"/><title value="CompromisedImmuneSystem Codes"/><status value="active"/><date value="2025-04-06T06:02:42+00:00"/><publisher value="HL7 Belgium"/><contact><name value="HL7 Belgium"/><telecom><system value="url"/><value value="https://www.hl7belgium.org"/></telecom><telecom><system value="email"/><value value="hl7belgium@hl7belgium.org"/></telecom></contact><contact><name value="Message Structure eHealth"/><telecom><system value="email"/><value value="message-structure@ehealth.fgov.be"/><use value="work"/></telecom></contact><description value="CompromisedImmuneSystem Codes"/><jurisdiction><coding><system value="urn:iso:std:iso:3166"/><code value="BE"/><display value="Belgium"/></coding></jurisdiction><compose><include><system value="http://hl7.org/fhir/sid/icpc2"/><concept><code value="B90"/></concept><concept><code value="B72"/></concept></include><include><system value="http://hl7.org/fhir/sid/icd-10"/><concept><code value="D70"/></concept><concept><code value="D71"/></concept></include><include><system value="http://snomed.info/sct"/><concept><code value="234532001"/></concept><concept><code value="62479008"/></concept><concept><code value="445945000"/></concept></include></compose></ValueSet>