<?xml version="1.0" encoding="UTF-8"?><ValueSet xmlns="http://hl7.org/fhir"><id value="OncologyPatientCodes"/><text><status value="generated"/><div xmlns="http://www.w3.org/1999/xhtml"><p class="res-header-id"><b>Generated Narrative: ValueSet OncologyPatientCodes</b></p><a name="OncologyPatientCodes"> </a><a name="hcOncologyPatientCodes"> </a><p>This value set includes codes based on the following rules:</p><ul><li>Include these codes as defined in <a href="http://terminology.hl7.org/6.1.0/CodeSystem-v3-icpc2E.html"><code>http://hl7.org/fhir/sid/icpc-2</code></a><table class="none"><tr><td style="white-space:nowrap"><b>Code</b></td><td><b>Display</b></td></tr><tr><td>R84</td><td/></tr><tr><td>R85</td><td/></tr></table></li><li>Include these codes as defined in <a href="http://terminology.hl7.org/6.1.0/CodeSystem-icd10CM.html"><code>http://hl7.org/fhir/sid/icd-10-cm</code></a><table class="none"><tr><td style="white-space:nowrap"><b>Code</b></td><td><b>Display</b></td></tr><tr><td>C00</td><td style="color: #cccccc">Malignant neoplasm of lip</td></tr><tr><td>C01</td><td style="color: #cccccc">Malignant neoplasm of base of tongue</td></tr></table></li><li>Include these codes as defined in <a href="http://www.snomed.org/"><code>http://snomed.info/sct</code></a><table class="none"><tr><td style="white-space:nowrap"><b>Code</b></td><td><b>Display</b></td></tr><tr><td><a href="http://snomed.info/id/363505006">363505006</a></td><td style="color: #cccccc">Malignant tumor of oral cavity</td></tr><tr><td><a href="http://snomed.info/id/363429002">363429002</a></td><td style="color: #cccccc">Malignant tumour of larynx</td></tr><tr><td><a href="http://snomed.info/id/363353009">363353009</a></td><td style="color: #cccccc">Malignant tumor of gallbladder</td></tr></table></li></ul></div></text><url value="https://www.ehealth.fgov.be/standards/fhir/pss/ValueSet/OncologyPatientCodes"/><identifier><system value="urn:ietf:rfc:3986"/><value value="urn:oid:2.16.840.1.113883.2.51.22.2.48.7"/></identifier><version value="1.0.0"/><name value="OncologyPatientCodes"/><title value="OncologyPatient Codes"/><status value="active"/><experimental value="true"/><date value="2025-07-24T07:35:23+00:00"/><publisher value="eHealth Platform Belgium"/><contact><name value="eHealth Platform Belgium"/><telecom><system value="url"/><value value="https://www.ehealth.fgov.be/standards/fhir/"/></telecom><telecom><system value="email"/><value value="support@be-ehealth-standards.atlassian.net"/></telecom></contact><contact><name value="Message Structure eHealth"/><telecom><system value="email"/><value value="support@be-ehealth-standards.atlassian.net"/><use value="work"/></telecom></contact><description value="OncologyPatient Codes"/><jurisdiction><coding><system value="urn:iso:std:iso:3166"/><code value="BE"/><display value="Belgium"/></coding></jurisdiction><copyright value="*   This value set includes content from SNOMED CT, which is copyright © 2002+ International Health Terminology Standards Development Organisation (IHTSDO), and distributed by agreement between IHTSDO and HL7. Implementer use of SNOMED CT is not covered by this agreement&#xA;&#xA;*   The SNOMED International IPS Terminology is distributed by International Health Terminology Standards Development Organisation, trading as SNOMED International, and is subject the terms of the [Creative Commons Attribution 4.0 International Public License](https://creativecommons.org/licenses/by/4.0/). For more information, see [SNOMED IPS Terminology](https://www.snomed.org/snomed-ct/Other-SNOMED-products/international-patient-summary-terminology)&#xA;&#xA;*   The HL7 International IPS implementation guides incorporate SNOMED CT®, used by permission of the International Health Terminology Standards Development Organisation, trading as SNOMED International. SNOMED CT was originally created by the College of American Pathologists. SNOMED CT is a registered trademark of the International Health Terminology Standards Development Organisation, all rights reserved. Implementers of SNOMED CT should review [usage terms](https://www.snomed.org/get-snomed) or directly contact SNOMED International: info@snomed.org"/><compose><include><system value="http://hl7.org/fhir/sid/icpc-2"/><concept><code value="R84"/></concept><concept><code value="R85"/></concept></include><include><system value="http://hl7.org/fhir/sid/icd-10-cm"/><concept><code value="C00"/></concept><concept><code value="C01"/></concept></include><include><system value="http://snomed.info/sct"/><concept><code value="363505006"/></concept><concept><code value="363429002"/></concept><concept><code value="363353009"/></concept></include></compose></ValueSet>