<?xml version="1.0" encoding="UTF-8"?><ValueSet xmlns="http://hl7.org/fhir"><id value="PregnancyCodes"/><text><status value="generated"/><div xmlns="http://www.w3.org/1999/xhtml"><p class="res-header-id"><b>Generated Narrative: ValueSet PregnancyCodes</b></p><a name="PregnancyCodes"> </a><a name="hcPregnancyCodes"> </a><p>This value set includes codes based on the following rules:</p><ul><li>Include these codes as defined in <a href="http://terminology.hl7.org/6.1.0/CodeSystem-icd10CM.html"><code>http://hl7.org/fhir/sid/icd-10-cm</code></a><table class="none"><tr><td style="white-space:nowrap"><b>Code</b></td><td><b>Display</b></td></tr><tr><td>Z33.1</td><td style="color: #cccccc">Pregnant state, incidental</td></tr></table></li><li>Include these codes as defined in <a href="http://www.snomed.org/"><code>http://snomed.info/sct</code></a><table class="none"><tr><td style="white-space:nowrap"><b>Code</b></td><td><b>Display</b></td></tr><tr><td><a href="http://snomed.info/id/87527008">87527008</a></td><td style="color: #cccccc">Term pregnancy</td></tr><tr><td><a href="http://snomed.info/id/127364007">127364007</a></td><td style="color: #cccccc">Primigravida</td></tr><tr><td><a href="http://snomed.info/id/72892002">72892002</a></td><td style="color: #cccccc">Normal pregnancy</td></tr></table></li></ul></div></text><url value="https://www.ehealth.fgov.be/standards/fhir/pss/ValueSet/PregnancyCodes"/><identifier><system value="urn:ietf:rfc:3986"/><value value="urn:oid:2.16.840.1.113883.2.51.22.2.48.10"/></identifier><version value="1.0.0"/><name value="PregnancyCodes"/><title value="Pregnancy Codes"/><status value="active"/><experimental value="true"/><date value="2025-07-24T07:35:23+00:00"/><publisher value="eHealth Platform Belgium"/><contact><name value="eHealth Platform Belgium"/><telecom><system value="url"/><value value="https://www.ehealth.fgov.be/standards/fhir/"/></telecom><telecom><system value="email"/><value value="support@be-ehealth-standards.atlassian.net"/></telecom></contact><contact><name value="Message Structure eHealth"/><telecom><system value="email"/><value value="support@be-ehealth-standards.atlassian.net"/><use value="work"/></telecom></contact><description value="Pregnancy Codes - used for EHRs to consider pregnancy status"/><jurisdiction><coding><system value="urn:iso:std:iso:3166"/><code value="BE"/><display value="Belgium"/></coding></jurisdiction><copyright value="*   This value set includes content from SNOMED CT, which is copyright © 2002+ International Health Terminology Standards Development Organisation (IHTSDO), and distributed by agreement between IHTSDO and HL7. Implementer use of SNOMED CT is not covered by this agreement&#xA;&#xA;*   The SNOMED International IPS Terminology is distributed by International Health Terminology Standards Development Organisation, trading as SNOMED International, and is subject the terms of the [Creative Commons Attribution 4.0 International Public License](https://creativecommons.org/licenses/by/4.0/). For more information, see [SNOMED IPS Terminology](https://www.snomed.org/snomed-ct/Other-SNOMED-products/international-patient-summary-terminology)&#xA;&#xA;*   The HL7 International IPS implementation guides incorporate SNOMED CT®, used by permission of the International Health Terminology Standards Development Organisation, trading as SNOMED International. SNOMED CT was originally created by the College of American Pathologists. SNOMED CT is a registered trademark of the International Health Terminology Standards Development Organisation, all rights reserved. Implementers of SNOMED CT should review [usage terms](https://www.snomed.org/get-snomed) or directly contact SNOMED International: info@snomed.org"/><compose><include><system value="http://hl7.org/fhir/sid/icd-10-cm"/><concept><code value="Z33.1"/></concept></include><include><system value="http://snomed.info/sct"/><concept><code value="87527008"/></concept><concept><code value="127364007"/></concept><concept><code value="72892002"/></concept></include></compose></ValueSet>