{
  "resourceType" : "Patient",
  "id" : "patient-v",
  "text" : {
    "status" : "generated",
    "div" : "<div xmlns=\"http://www.w3.org/1999/xhtml\"><p class=\"res-header-id\"><b>Generated Narrative: Patient patient-v</b></p><a name=\"patient-v\"> </a><a name=\"hcpatient-v\"> </a><a name=\"patient-v-en-US\"> </a><p style=\"border: 1px #661aff solid; background-color: #e6e6ff; padding: 10px;\">Anonymous Patient Female, DoB Unknown</p><hr/><table class=\"grid\"><tr><td style=\"background-color: #f3f5da\" title=\"Record is active\">Active:</td><td>true</td><td style=\"background-color: #f3f5da\" title=\"Known status of Patient\">Deceased:</td><td colspan=\"3\">false</td></tr></table></div>"
  },
  "active" : true,
  "gender" : "female",
  "deceasedBoolean" : false
}