{
  "resourceType" : "Task",
  "id" : "propose-post-trauma-ataxia",
  "text" : {
    "status" : "generated",
    "div" : "<div xmlns=\"http://www.w3.org/1999/xhtml\"><p class=\"res-header-id\"><b>Generated Narrative: Task propose-post-trauma-ataxia</b></p><a name=\"propose-post-trauma-ataxia\"> </a><a name=\"hcpropose-post-trauma-ataxia\"> </a><a name=\"propose-post-trauma-ataxia-en-US\"> </a><p><b>status</b>: Requested</p><p><b>intent</b>: proposal</p><p><b>code</b>: <span title=\"Codes:{http://hl7.org/fhir/uv/cpg/CodeSystem/cpg-activity-type-cs propose-diagnosis}\">Propose a diagnosis</span></p><p><b>for</b>: <a href=\"Patient-X.html\">Anonymous Patient Male, DoB: 1972-05-24</a></p><h3>Inputs</h3><table class=\"grid\"><tr><td style=\"display: none\">-</td><td><b>Type</b></td><td><b>Value[x]</b></td></tr><tr><td style=\"display: none\">*</td><td><span title=\"Codes:{http://hl7.org/fhir/uv/cpg/CodeSystem/cpg-activity-type-cs propose-diagnosis}\">Propose a diagnosis</span></td><td><a href=\"Condition-proposed-diagnosis-post-trauma-ataxia.html\">Condition Ataxia, Post-trauma ataxia</a></td></tr></table></div>"
  },
  "status" : "requested",
  "intent" : "proposal",
  "code" : {
    "coding" : [{
      "system" : "http://hl7.org/fhir/uv/cpg/CodeSystem/cpg-activity-type-cs",
      "code" : "propose-diagnosis",
      "display" : "Propose a diagnosis"
    }]
  },
  "for" : {
    "reference" : "Patient/X"
  },
  "input" : [{
    "type" : {
      "coding" : [{
        "system" : "http://hl7.org/fhir/uv/cpg/CodeSystem/cpg-activity-type-cs",
        "code" : "propose-diagnosis",
        "display" : "Propose a diagnosis"
      }]
    },
    "valueReference" : {
      "reference" : "Condition/proposed-diagnosis-post-trauma-ataxia"
    }
  }]
}