<?xml version="1.0" encoding="UTF-8"?>

<RequestGroup xmlns="http://hl7.org/fhir">
  <id value="getdatatocollect-return2-v"/>
  <text>
    <status value="generated"/><div xmlns="http://www.w3.org/1999/xhtml"><p class="res-header-id"><b>Generated Narrative: RequestGroup getdatatocollect-return2-v</b></p><a name="getdatatocollect-return2-v"> </a><a name="hcgetdatatocollect-return2-v"> </a><a name="getdatatocollect-return2-v-en-US"> </a><p><b>status</b>: Active</p><p><b>intent</b>: Proposal</p><p><b>subject</b>: <a href="Patient-patient-v.html">Anonymous Patient Female, DoB Unknown</a></p><h3>Actions</h3><table class="grid"><tr><td style="display: none">-</td><td><b>TextEquivalent</b></td><td><b>Resource</b></td></tr><tr><td style="display: none">*</td><td>Collect pregnancy status</td><td><a href="Questionnaire-q-collect-information2.html">Questionnaire: url = https://www.ehealth.fgov.be/standards/fhir/pss/Questionnaire/q-collect-information2; version = 1.0.0; status = active; date = 2024-12-05 15:45:53+0000; publisher = eHealth Platform; contact = eHealth Platform (http://www.ehealth.fgov.be/, support@be-ehealth-standards.atlassian.net),Message Structure eHealth (message-structure@ehealth.fgov.be(Work)); jurisdiction = Belgium</a></td></tr></table></div>
  </text>
  <status value="active"/>
  <intent value="proposal"/>
  <subject>
    <reference value="Patient/patient-v"/>
  </subject>
  <action>
    <textEquivalent value="Collect pregnancy status"/>
    <resource>
      <reference value="Questionnaire/q-collect-information2"/>
    </resource>
  </action>
</RequestGroup>