{
  "resourceType" : "Bundle",
  "id" : "fc6757f2-c032-4dc8-bc87-091c4bae8bbc",
  "meta" : {
    "lastUpdated" : "2025-02-19T10:41:07.024+00:00"
  },
  "type" : "collection",
  "entry" : [{
    "fullUrl" : "urn:uuid:70a4e06a-7174-4470-adb1-72227f120615",
    "resource" : {
      "resourceType" : "ValueSet",
      "id" : "condition-valueset",
      "text" : {
        "status" : "generated",
        "div" : "<div xmlns=\"http://www.w3.org/1999/xhtml\"><p class=\"res-header-id\"><b>Generated Narrative: ValueSet condition-valueset</b></p><a name=\"x-condition-valueset\"> </a><a name=\"x-hccondition-valueset\"> </a><a name=\"x-condition-valueset-en-US\"> </a><p>This value set expansion contains 3 concepts.</p><table class=\"codes\"><tr><td style=\"white-space:nowrap\"><b>Code</b></td><td><b>System</b></td><td><b>Display</b></td></tr><tr><td style=\"white-space:nowrap\"><a name=\"x-condition-valueset-http://snomed.info/sct-419760006\"> </a>\u00a0\u00a0<a href=\"http://snomed.info/id/419760006\">419760006</a></td><td>http://snomed.info/sct</td><td>Bacterial vaginosis</td></tr><tr><td style=\"white-space:nowrap\"><a name=\"x-condition-valueset-http://snomed.info/sct-276877003\"> </a>\u00a0\u00a0<a href=\"http://snomed.info/id/276877003\">276877003</a></td><td>http://snomed.info/sct</td><td>Trichomonal vaginitis</td></tr><tr><td style=\"white-space:nowrap\"><a name=\"x-condition-valueset-http://snomed.info/sct-72934000\"> </a>\u00a0\u00a0<a href=\"http://snomed.info/id/72934000\">72934000</a></td><td>http://snomed.info/sct</td><td>Candidiasis of vagina</td></tr></table></div>"
      },
      "url" : "urn:uuid:70a4e06a-7174-4470-adb1-72227f120615",
      "version" : "1.0.0",
      "name" : "Conditions",
      "title" : "Antimicrobiology - Vaginitis-related conditions",
      "status" : "active",
      "experimental" : false,
      "description" : "Antimicrobiology - S2 Get data to collect - Response - 1.4. ValueSet",
      "expansion" : {
        "timestamp" : "2015-06-22T13:56:07Z",
        "contains" : [{
          "system" : "http://snomed.info/sct",
          "code" : "419760006",
          "display" : "Bacterial vaginosis"
        },
        {
          "system" : "http://snomed.info/sct",
          "code" : "276877003",
          "display" : "Trichomonal vaginitis"
        },
        {
          "system" : "http://snomed.info/sct",
          "code" : "72934000",
          "display" : "Candidiasis of vagina"
        }]
      }
    }
  },
  {
    "fullUrl" : "https://www.ehealth.fgov.be/standards/fhir/medication/ValueSet/PregnancyCodes",
    "resource" : {
      "resourceType" : "ValueSet",
      "text" : {
        "status" : "generated",
        "div" : "<div xmlns=\"http://www.w3.org/1999/xhtml\"><p class=\"res-header-id\"><b>Generated Narrative: ValueSet </b></p><div style=\"border: black 1px dotted; background-color: #EEEEEE; padding: 8px; margin-bottom: 8px\"><p>Expansion from tx.fhir.org based on:</p><ul><li>codesystem ICD-10 version2019-covid-expanded</li><li>SNOMED CT 900000000000207008 edition 01-Aug 2024</li></ul></div><p>This value set contains 3 concepts</p><table class=\"codes\"><tr><td style=\"white-space:nowrap\"><b>Code</b></td><td><b>System</b></td><td><b>Display (en-US)</b></td></tr><tr><td style=\"white-space:nowrap\"><a name=\"x-http://snomed.info/sct-87527008\"> </a>\u00a0\u00a0<a href=\"http://snomed.info/id/87527008\">87527008</a></td><td>http://snomed.info/sct</td><td/></tr><tr><td style=\"white-space:nowrap\"><a name=\"x-http://snomed.info/sct-127364007\"> </a>\u00a0\u00a0<a href=\"http://snomed.info/id/127364007\">127364007</a></td><td>http://snomed.info/sct</td><td/></tr><tr><td style=\"white-space:nowrap\"><a name=\"x-http://snomed.info/sct-72892002\"> </a>\u00a0\u00a0<a href=\"http://snomed.info/id/72892002\">72892002</a></td><td>http://snomed.info/sct</td><td/></tr></table></div>"
      },
      "url" : "https://www.ehealth.fgov.be/standards/fhir/medication/ValueSet/PregnancyCodes",
      "version" : "1.0.0",
      "name" : "PregnancyCodes",
      "title" : "Pregnancy Codes",
      "status" : "active",
      "expansion" : {
        "identifier" : "urn:uuid:8434cc12-e0ab-4395-8127-9bc3e2ff33a9",
        "timestamp" : "2025-02-19T10:41:27+00:00",
        "total" : 3,
        "offset" : 0,
        "parameter" : [{
          "name" : "displayLanguage",
          "valueCode" : "en-US"
        },
        {
          "name" : "count",
          "valueInteger" : 1000
        },
        {
          "name" : "offset",
          "valueInteger" : 0
        },
        {
          "name" : "excludeNested",
          "valueBoolean" : false
        },
        {
          "name" : "used-valueset",
          "valueUri" : "null"
        },
        {
          "name" : "used-codesystem",
          "valueUri" : "http://hl7.org/fhir/sid/icd-10|2019-covid-expanded"
        },
        {
          "name" : "version",
          "valueUri" : "http://hl7.org/fhir/sid/icd-10|2019-covid-expanded"
        },
        {
          "name" : "excludeNested",
          "valueBoolean" : true
        },
        {
          "name" : "used-codesystem",
          "valueUri" : "http://snomed.info/sct|http://snomed.info/sct/900000000000207008/version/20240801"
        },
        {
          "name" : "version",
          "valueUri" : "http://snomed.info/sct|http://snomed.info/sct/900000000000207008/version/20240801"
        }],
        "contains" : [{
          "system" : "http://snomed.info/sct",
          "code" : "87527008"
        },
        {
          "system" : "http://snomed.info/sct",
          "code" : "127364007"
        },
        {
          "system" : "http://snomed.info/sct",
          "code" : "72892002"
        }]
      }
    }
  },
  {
    "fullUrl" : "https://www.ehealth.fgov.be/standards/fhir/medication/ValueSet/PregnancyCodes",
    "resource" : {
      "resourceType" : "ValueSet",
      "text" : {
        "status" : "generated",
        "div" : "<div xmlns=\"http://www.w3.org/1999/xhtml\"><p class=\"res-header-id\"><b>Generated Narrative: ValueSet </b></p><div style=\"border: black 1px dotted; background-color: #EEEEEE; padding: 8px; margin-bottom: 8px\"><p>Expansion from tx.fhir.org based on:</p><ul><li>codesystem ICD-10 version2019-covid-expanded</li><li>SNOMED CT 900000000000207008 edition 01-Aug 2024</li></ul></div><p>This value set contains 3 concepts</p><table class=\"codes\"><tr><td style=\"white-space:nowrap\"><b>Code</b></td><td><b>System</b></td><td><b>Display (en-US)</b></td></tr><tr><td style=\"white-space:nowrap\"><a name=\"x-http://snomed.info/sct-87527008\"> </a>\u00a0\u00a0<a href=\"http://snomed.info/id/87527008\">87527008</a></td><td>http://snomed.info/sct</td><td/></tr><tr><td style=\"white-space:nowrap\"><a name=\"x-http://snomed.info/sct-127364007\"> </a>\u00a0\u00a0<a href=\"http://snomed.info/id/127364007\">127364007</a></td><td>http://snomed.info/sct</td><td/></tr><tr><td style=\"white-space:nowrap\"><a name=\"x-http://snomed.info/sct-72892002\"> </a>\u00a0\u00a0<a href=\"http://snomed.info/id/72892002\">72892002</a></td><td>http://snomed.info/sct</td><td/></tr></table></div>"
      },
      "url" : "https://www.ehealth.fgov.be/standards/fhir/medication/ValueSet/PregnancyCodes",
      "version" : "1.0.0",
      "name" : "PregnancyCodes",
      "title" : "Pregnancy Codes",
      "status" : "active",
      "expansion" : {
        "identifier" : "urn:uuid:8434cc12-e0ab-4395-8127-9bc3e2ff33a9",
        "timestamp" : "2025-02-19T10:41:27+00:00",
        "total" : 3,
        "offset" : 0,
        "parameter" : [{
          "name" : "displayLanguage",
          "valueCode" : "en-US"
        },
        {
          "name" : "count",
          "valueInteger" : 1000
        },
        {
          "name" : "offset",
          "valueInteger" : 0
        },
        {
          "name" : "excludeNested",
          "valueBoolean" : false
        },
        {
          "name" : "used-valueset",
          "valueUri" : "null"
        },
        {
          "name" : "used-codesystem",
          "valueUri" : "http://hl7.org/fhir/sid/icd-10|2019-covid-expanded"
        },
        {
          "name" : "version",
          "valueUri" : "http://hl7.org/fhir/sid/icd-10|2019-covid-expanded"
        },
        {
          "name" : "excludeNested",
          "valueBoolean" : true
        },
        {
          "name" : "used-codesystem",
          "valueUri" : "http://snomed.info/sct|http://snomed.info/sct/900000000000207008/version/20240801"
        },
        {
          "name" : "version",
          "valueUri" : "http://snomed.info/sct|http://snomed.info/sct/900000000000207008/version/20240801"
        }],
        "contains" : [{
          "system" : "http://snomed.info/sct",
          "code" : "87527008"
        },
        {
          "system" : "http://snomed.info/sct",
          "code" : "127364007"
        },
        {
          "system" : "http://snomed.info/sct",
          "code" : "72892002"
        }]
      }
    }
  },
  {
    "fullUrl" : "https://www.ehealth.fgov.be/standards/fhir/medication/ValueSet/condition-valueset",
    "resource" : {
      "resourceType" : "ValueSet",
      "id" : "condition-valueset",
      "text" : {
        "status" : "generated",
        "div" : "<div xmlns=\"http://www.w3.org/1999/xhtml\"><p class=\"res-header-id\"><b>Generated Narrative: ValueSet condition-valueset</b></p><p>This value set expansion contains 3 concepts.</p><table class=\"codes\"><tr><td style=\"white-space:nowrap\"><b>Code</b></td><td><b>System</b></td><td><b>Display</b></td></tr><tr><td style=\"white-space:nowrap\"><a name=\"x-condition-valueset-http://snomed.info/sct-419760006\"> </a>\u00a0\u00a0<a href=\"http://snomed.info/id/419760006\">419760006</a></td><td>http://snomed.info/sct</td><td>Bacterial vaginosis</td></tr><tr><td style=\"white-space:nowrap\"><a name=\"x-condition-valueset-http://snomed.info/sct-276877003\"> </a>\u00a0\u00a0<a href=\"http://snomed.info/id/276877003\">276877003</a></td><td>http://snomed.info/sct</td><td>Trichomonal vaginitis</td></tr><tr><td style=\"white-space:nowrap\"><a name=\"x-condition-valueset-http://snomed.info/sct-72934000\"> </a>\u00a0\u00a0<a href=\"http://snomed.info/id/72934000\">72934000</a></td><td>http://snomed.info/sct</td><td>Candidiasis of vagina</td></tr></table></div>"
      },
      "url" : "https://www.ehealth.fgov.be/standards/fhir/medication/ValueSet/condition-valueset",
      "version" : "1.0.0",
      "name" : "Conditions",
      "title" : "Antimicrobiology - Vaginitis-related conditions",
      "status" : "active",
      "experimental" : false,
      "date" : "2025-02-19T10:40:21+00:00",
      "publisher" : "HL7 Belgium",
      "contact" : [{
        "name" : "HL7 Belgium",
        "telecom" : [{
          "system" : "url",
          "value" : "https://www.hl7belgium.org"
        },
        {
          "system" : "email",
          "value" : "hl7belgium@hl7belgium.org"
        }]
      },
      {
        "name" : "Message Structure eHealth",
        "telecom" : [{
          "system" : "email",
          "value" : "message-structure@ehealth.fgov.be",
          "use" : "work"
        }]
      }],
      "description" : "Antimicrobiology - S2 Get data to collect - Response - 1.4. ValueSet",
      "jurisdiction" : [{
        "coding" : [{
          "system" : "urn:iso:std:iso:3166",
          "code" : "BE",
          "display" : "Belgium"
        }]
      }],
      "expansion" : {
        "timestamp" : "2015-06-22T13:56:07Z",
        "contains" : [{
          "system" : "http://snomed.info/sct",
          "code" : "419760006",
          "display" : "Bacterial vaginosis"
        },
        {
          "system" : "http://snomed.info/sct",
          "code" : "276877003",
          "display" : "Trichomonal vaginitis"
        },
        {
          "system" : "http://snomed.info/sct",
          "code" : "72934000",
          "display" : "Candidiasis of vagina"
        }]
      }
    }
  }]
}