<?xml version="1.0" encoding="UTF-8"?>

<Patient xmlns="http://hl7.org/fhir">
  <id value="patient-y"/>
  <text>
    <status value="generated"/><div xmlns="http://www.w3.org/1999/xhtml"><p class="res-header-id"><b>Generated Narrative: Patient patient-y</b></p><a name="patient-y"> </a><a name="hcpatient-y"> </a><a name="patient-y-en-US"> </a><p style="border: 1px #661aff solid; background-color: #e6e6ff; padding: 10px;">Anonymous Patient Female, DoB: 1989-09-12</p><hr/><table class="grid"><tr><td style="background-color: #f3f5da" title="Record is active">Active:</td><td>true</td><td style="background-color: #f3f5da" title="Known status of Patient">Deceased:</td><td colspan="3">false</td></tr></table></div>
  </text>
  <active value="true"/>
  <gender value="female"/>
  <birthDate value="1989-09-12"/>
  <deceasedBoolean value="false"/>
</Patient>