URL,Version,Status,OIDs,Name,Title,Description,Used
http://hl7.org/fhir/sid/icd-10-cm,2.0.1,active,"2.16.840.1.113883.6.90",Icd10CM,International Classification of Diseases, 10th Revision, Clinical Modification (ICD-10-CM),"The International Classification of Diseases, 10th Revision, Clinical Modification (ICD-10-CM), describes the classification of morbidity and mortality information for statistical purposes and for the indexing of healthcare records by diseases. The ICD-10-CM codes can be used as the value of the Act.cd attribute.","ValueSet/OncologyPatientCodes,ValueSet/PregnancyCodes,ValueSet/GonokokCodes,ValueSet/CompromisedImmuneSystemCodes,ValueSet/ChlamydiaCodes"
http://hl7.org/fhir/sid/icpc-2,2.1.0,active,"2.16.840.1.113883.6.139",Icpc2E,International Classification of Primary Care, second edition (1998),"International Classification of Primary Care / prepared by the Classification Committee of the World Organization of National Colleges, Academies and Academic Associations of General Practitioners/Family Physicians (WONCA), known more briefly as the World","ValueSet/OncologyPatientCodes,ValueSet/CompromisedImmuneSystemCodes"
http://snomed.info/sct,null,active,"2.16.840.1.113883.6.96",SNOMED_CT,SNOMED CT (all versions),"SNOMED CT is the most comprehensive and precise clinical health terminology product in the world, owned and distributed around the world by The International Health Terminology Standards Development Organisation (IHTSDO).","ValueSet/MycoplasmaCodes,ValueSet/OncologyPatientCodes,ValueSet/OtherCodes,ValueSet/PregnancyCodes,ValueSet/GonokokCodes,ValueSet/CompromisedImmuneSystemCodes,ValueSet/CandidaCodes,ValueSet/ChlamydiaCodes,ValueSet/procedure-code,ValueSet/BacterialCodes,ValueSet/TrichomonasCodes"
https://www.ehealth.fgov.be/standards/fhir/pss/CodeSystem/PSSRatingTypes,1.0.0,active,"2.16.840.1.113883.2.51.22.2.16.3",PSSRatingTypes,CodeSystem: Types of rating provided by the PSS system,"CodeSystem: Types of rating provided by the PSS system","ValueSet/PSSRatingTypesVS"
