<?xml version="1.0" encoding="UTF-8"?><PlanDefinition xmlns="http://hl7.org/fhir"><id value="GetRecommendations"/><url value="http://fhir.org/guides/cqf/cpg/example/PlanDefinition/GetRecommendations"/><identifier><system value="urn:ietf:rfc:3986"/><value value="urn:oid:2.16.840.1.113883.2.51.22.2.34.3"/></identifier><version value="1.0.0"/><type><coding><system value="http://terminology.hl7.org/CodeSystem/plan-definition-type"/><code value="eca-rule"/></coding></type><status value="active"/><date value="2025-05-14T15:08:16+00:00"/><publisher value="eHealth Platform"/><contact><name value="eHealth Platform"/><telecom><system value="url"/><value value="http://www.ehealth.fgov.be/"/></telecom><telecom><system value="email"/><value value="support@be-ehealth-standards.atlassian.net"/></telecom></contact><contact><name value="Message Structure"/><telecom><system value="email"/><value value="support@be-ehealth-standards.atlassian.net"/><use value="work"/></telecom></contact><jurisdiction><coding><system value="urn:iso:std:iso:3166"/><code value="BE"/><display value="Belgium"/></coding></jurisdiction><action><title value="Determine potential treatments given relevant patient information"/><description value="Given input data, including age, gender, symptoms, diagnoses, and possible orders, determine potential treatments"/><code><coding><system value="http://hl7.org/fhir/uv/cpg/CodeSystem/cpg-common-process-cs"/><code value="guideline-based-care"/></coding></code><input><type value="Patient"/><mustSupport value="birthDate"/><mustSupport value="gender"/></input><input><type value="Observation"/><mustSupport value="category"/><mustSupport value="code"/><mustSupport value="value"/><codeFilter><path value="category"/><code><system value="http://terminology.hl7.org/CodeSystem/observation-category"/><code value="vital-signs"/></code></codeFilter></input><input><type value="Condition"/><mustSupport value="category"/><mustSupport value="code"/><mustSupport value="clinicalStatus"/><mustSupport value="verificationStatus"/><mustSupport value="onset"/><codeFilter><path value="category"/><code><system value="http://terminology.hl7.org/CodeSystem/condition-category"/><code value="encounter-diagnosis"/></code><code><system value="http://terminology.hl7.org/CodeSystem/condition-category"/><code value="problem-list-item"/></code></codeFilter></input><input><type value="ServiceRequest"/><mustSupport value="category"/><mustSupport value="code"/></input><output><type value="ServiceRequest"/><profile value="https://www.ehealth.fgov.be/standards/fhir/pss/StructureDefinition/PSSResponseServiceRequest"/></output><output><type value="MedicationRequest"/><profile value="https://www.ehealth.fgov.be/standards/fhir/pss/StructureDefinition/PSSResponseMedicationRequest"/></output></action></PlanDefinition>