<?xml version="1.0" encoding="UTF-8"?>

<Condition xmlns="http://hl7.org/fhir">
  <id value="proposed-diagnosis-slow-progression-ataxia"/>
  <meta>
    <profile value="http://hl7.org/fhir/uv/cpg/StructureDefinition/cpg-condition"/>
  </meta>
  <text>
    <status value="generated"/><div xmlns="http://www.w3.org/1999/xhtml"><p class="res-header-id"><b>Generated Narrative: Condition proposed-diagnosis-slow-progression-ataxia</b></p><a name="proposed-diagnosis-slow-progression-ataxia"> </a><a name="hcproposed-diagnosis-slow-progression-ataxia"> </a><a name="proposed-diagnosis-slow-progression-ataxia-en-US"> </a><p><b>clinicalStatus</b>: <span title="Codes:{http://terminology.hl7.org/CodeSystem/condition-clinical active}">Active</span></p><p><b>verificationStatus</b>: <span title="Codes:{http://terminology.hl7.org/CodeSystem/condition-ver-status provisional}">Provisional</span></p><p><b>category</b>: <span title="Codes:{http://terminology.hl7.org/CodeSystem/condition-category problem-list-item}">Problem List Item</span></p><p><b>code</b>: <span title="Codes:{http://example 3074219}">Ataxia, Chronic or slow progression-ataxia</span></p><p><b>subject</b>: <a href="Patient-X.html">Anonymous Patient Male, DoB: 1972-05-24</a></p><p><b>onset</b>: 2024-10-13</p></div>
  </text>
  <clinicalStatus>
    <coding>
      <system value="http://terminology.hl7.org/CodeSystem/condition-clinical"/>
      <code value="active"/>
    </coding>
  </clinicalStatus>
  <verificationStatus>
    <coding>
      <system value="http://terminology.hl7.org/CodeSystem/condition-ver-status"/>
      <code value="provisional"/>
    </coding>
  </verificationStatus>
  <category>
    <coding>
      <system value="http://terminology.hl7.org/CodeSystem/condition-category"/>
      <code value="problem-list-item"/>
    </coding>
  </category>
  <code>
    <coding>
      <system value="http://example"/>
      <code value="3074219"/>
      <display value="Ataxia, Chronic or slow progression-ataxia"/>
    </coding>
  </code>
  <subject>
    <reference value="Patient/X"/>
  </subject>
  <onsetDateTime value="2024-10-13"/>
</Condition>