{
  "resourceType" : "Condition",
  "id" : "proposed-diagnosis-slow-progression-ataxia",
  "meta" : {
    "profile" : ["http://hl7.org/fhir/uv/cpg/StructureDefinition/cpg-condition"]
  },
  "text" : {
    "status" : "generated",
    "div" : "<div xmlns=\"http://www.w3.org/1999/xhtml\"><p class=\"res-header-id\"><b>Generated Narrative: Condition proposed-diagnosis-slow-progression-ataxia</b></p><a name=\"proposed-diagnosis-slow-progression-ataxia\"> </a><a name=\"hcproposed-diagnosis-slow-progression-ataxia\"> </a><a name=\"proposed-diagnosis-slow-progression-ataxia-en-US\"> </a><p><b>clinicalStatus</b>: <span title=\"Codes:{http://terminology.hl7.org/CodeSystem/condition-clinical active}\">Active</span></p><p><b>verificationStatus</b>: <span title=\"Codes:{http://terminology.hl7.org/CodeSystem/condition-ver-status provisional}\">Provisional</span></p><p><b>category</b>: <span title=\"Codes:{http://terminology.hl7.org/CodeSystem/condition-category problem-list-item}\">Problem List Item</span></p><p><b>code</b>: <span title=\"Codes:{http://example 3074219}\">Ataxia, Chronic or slow progression-ataxia</span></p><p><b>subject</b>: <a href=\"Patient-X.html\">Anonymous Patient Male, DoB: 1972-05-24</a></p><p><b>onset</b>: 2024-10-13</p></div>"
  },
  "clinicalStatus" : {
    "coding" : [{
      "system" : "http://terminology.hl7.org/CodeSystem/condition-clinical",
      "code" : "active"
    }]
  },
  "verificationStatus" : {
    "coding" : [{
      "system" : "http://terminology.hl7.org/CodeSystem/condition-ver-status",
      "code" : "provisional"
    }]
  },
  "category" : [{
    "coding" : [{
      "system" : "http://terminology.hl7.org/CodeSystem/condition-category",
      "code" : "problem-list-item"
    }]
  }],
  "code" : {
    "coding" : [{
      "system" : "http://example",
      "code" : "3074219",
      "display" : "Ataxia, Chronic or slow progression-ataxia"
    }]
  },
  "subject" : {
    "reference" : "Patient/X"
  },
  "onsetDateTime" : "2024-10-13"
}