{
  "resourceType" : "Task",
  "id" : "54aad964-ad8a-4985-8ff1-3b09d707ee1e",
  "text" : {
    "status" : "generated",
    "div" : "<div xmlns=\"http://www.w3.org/1999/xhtml\"><p class=\"res-header-id\"><b>Generated Narrative: Task 54aad964-ad8a-4985-8ff1-3b09d707ee1e</b></p><a name=\"54aad964-ad8a-4985-8ff1-3b09d707ee1e\"> </a><a name=\"hc54aad964-ad8a-4985-8ff1-3b09d707ee1e\"> </a><a name=\"54aad964-ad8a-4985-8ff1-3b09d707ee1e-en-US\"> </a><p><b>status</b>: Requested</p><p><b>intent</b>: proposal</p><p><b>code</b>: <span title=\"Codes:{http://hl7.org/fhir/uv/cpg/CodeSystem/cpg-activity-type-cs propose-diagnosis}\">Propose a diagnosis</span></p><p><b>for</b>: <a href=\"Patient-30551ce1-5a28-4356-b684-3e639094ad48.html\"> Male, DoB Unknown</a></p><h3>Inputs</h3><table class=\"grid\"><tr><td style=\"display: none\">-</td><td><b>Type</b></td><td><b>Value[x]</b></td></tr><tr><td style=\"display: none\">*</td><td><span title=\"Codes:{http://hl7.org/fhir/uv/cpg/CodeSystem/cpg-activity-type-cs propose-diagnosis}\">Propose a diagnosis</span></td><td><a href=\"Condition-b90ca57a-1ae5-4ff6-8dce-48488660ea65.html\">Condition Ataxia, post head trauma</a></td></tr></table></div>"
  },
  "status" : "requested",
  "intent" : "proposal",
  "code" : {
    "coding" : [{
      "system" : "http://hl7.org/fhir/uv/cpg/CodeSystem/cpg-activity-type-cs",
      "code" : "propose-diagnosis",
      "display" : "Propose a diagnosis"
    }]
  },
  "for" : {
    "reference" : "Patient/30551ce1-5a28-4356-b684-3e639094ad48"
  },
  "input" : [{
    "type" : {
      "coding" : [{
        "system" : "http://hl7.org/fhir/uv/cpg/CodeSystem/cpg-activity-type-cs",
        "code" : "propose-diagnosis",
        "display" : "Propose a diagnosis"
      }]
    },
    "valueReference" : {
      "reference" : "Condition/b90ca57a-1ae5-4ff6-8dce-48488660ea65"
    }
  }]
}