<?xml version="1.0" encoding="UTF-8"?>

<ServiceRequest xmlns="http://hl7.org/fhir">
  <id value="mr-head-without-contrast"/>
  <text>
    <status value="extensions"/><div xmlns="http://www.w3.org/1999/xhtml"><p class="res-header-id"><b>Generated Narrative: ServiceRequest mr-head-without-contrast</b></p><a name="mr-head-without-contrast"> </a><a name="hcmr-head-without-contrast"> </a><a name="mr-head-without-contrast-en-US"> </a><p><b>CPG Rating Extension</b>: 9/10</p><p><b>status</b>: Active</p><p><b>intent</b>: Proposal</p><p><b>code</b>: <span title="Codes:">MR, head, without IV contrast</span></p><p><b>subject</b>: <a href="Patient-X.html">Anonymous Patient Male, DoB: 1972-05-24</a></p></div>
  </text>
  <extension url="http://hl7.org/fhir/uv/cpg/StructureDefinition/cpg-rating">
    <valueRatio>
      <numerator>
        <value value="9"/>
      </numerator>
      <denominator>
        <value value="10"/>
      </denominator>
    </valueRatio>
  </extension>
  <status value="active"/>
  <intent value="proposal"/>
  <code>
    <coding>
      <code value="114092"/>
      <display value="MR, head, without IV contrast"/>
    </coding>
  </code>
  <subject>
    <reference value="Patient/X"/>
  </subject>
</ServiceRequest>