<?xml version="1.0" encoding="UTF-8"?><CodeSystem xmlns="http://hl7.org/fhir"><id value="PSSRatingTypes"/><text><status value="generated"/><div xmlns="http://www.w3.org/1999/xhtml"><p class="res-header-id"><b>Generated Narrative: CodeSystem PSSRatingTypes</b></p><a name="PSSRatingTypes"> </a><a name="hcPSSRatingTypes"> </a><p>This case-sensitive code system <code>https://www.ehealth.fgov.be/standards/fhir/pss/CodeSystem/PSSRatingTypes</code> defines the following codes:</p><table class="codes"><tr><td style="white-space:nowrap"><b>Code</b></td><td><b>Display</b></td></tr><tr><td style="white-space:nowrap">overall<a name="PSSRatingTypes-overall"> </a></td><td>Overall score</td></tr><tr><td style="white-space:nowrap">radiationexposure<a name="PSSRatingTypes-radiationexposure"> </a></td><td>Radiation exposure score</td></tr></table></div></text><url value="https://www.ehealth.fgov.be/standards/fhir/pss/CodeSystem/PSSRatingTypes"/><identifier><system value="urn:ietf:rfc:3986"/><value value="urn:oid:2.16.840.1.113883.2.51.22.2.16.3"/></identifier><version value="1.0.0"/><name value="PSSRatingTypes"/><title value="CodeSystem: Types of rating provided by the PSS system"/><status value="active"/><experimental value="false"/><date value="2025-08-13T11:07:09+00:00"/><publisher value="eHealth Platform Belgium"/><contact><name value="eHealth Platform Belgium"/><telecom><system value="url"/><value value="https://www.ehealth.fgov.be/standards/fhir/"/></telecom><telecom><system value="email"/><value value="support@be-ehealth-standards.atlassian.net"/></telecom></contact><contact><name value="Message Structure eHealth"/><telecom><system value="email"/><value value="support@be-ehealth-standards.atlassian.net"/><use value="work"/></telecom></contact><description value="CodeSystem: Types of rating provided by the PSS system"/><jurisdiction><coding><system value="urn:iso:std:iso:3166"/><code value="BE"/><display value="Belgium"/></coding></jurisdiction><caseSensitive value="true"/><content value="complete"/><count value="2"/><concept><code value="overall"/><display value="Overall score"/></concept><concept><code value="radiationexposure"/><display value="Radiation exposure score"/></concept></CodeSystem>