{"resourceType":"CodeSystem","id":"PSSQSIConditions","text":{"status":"generated","div":"<div xmlns=\"http://www.w3.org/1999/xhtml\"><p class=\"res-header-id\"><b>Generated Narrative: CodeSystem PSSQSIConditions</b></p><a name=\"PSSQSIConditions\"> </a><a name=\"hcPSSQSIConditions\"> </a><p>This case-sensitive code system <code>https://www.ehealth.fgov.be/standards/fhir/pss/CodeSystem/PSSQSIConditions</code> defines codes, but no codes are represented here</p></div>"},"url":"https://www.ehealth.fgov.be/standards/fhir/pss/CodeSystem/PSSQSIConditions","identifier":[{"system":"urn:ietf:rfc:3986","value":"urn:oid:2.16.840.1.113883.2.51.22.2.16.1"}],"version":"1.0.0","name":"PSSQSIConditions","title":"PSS-QSI condition codes","status":"active","experimental":false,"date":"2025-07-24T07:35:23+00:00","publisher":"eHealth Platform Belgium","contact":[{"name":"eHealth Platform Belgium","telecom":[{"system":"url","value":"https://www.ehealth.fgov.be/standards/fhir/"},{"system":"email","value":"support@be-ehealth-standards.atlassian.net"}]},{"name":"Message Structure eHealth","telecom":[{"system":"email","value":"support@be-ehealth-standards.atlassian.net","use":"work"}]}],"description":"Condition codes from the QSI system","jurisdiction":[{"coding":[{"system":"urn:iso:std:iso:3166","code":"BE","display":"Belgium"}]}],"caseSensitive":true,"content":"not-present"}