{
  "resourceType" : "CodeSystem",
  "id" : "PSSFeedbackCodes",
  "text" : {
    "status" : "generated",
    "div" : "<div xmlns=\"http://www.w3.org/1999/xhtml\"><p class=\"res-header-id\"><b>Generated Narrative: CodeSystem PSSFeedbackCodes</b></p><a name=\"PSSFeedbackCodes\"> </a><a name=\"hcPSSFeedbackCodes\"> </a><p>This case-sensitive code system <code>https://www.ehealth.fgov.be/standards/fhir/pss/CodeSystem/PSSFeedbackCodes</code> defines the following codes:</p><table class=\"codes\"><tr><td style=\"white-space:nowrap\"><b>Code</b></td><td><b>Display</b></td></tr><tr><td style=\"white-space:nowrap\">accepted<a name=\"PSSFeedbackCodes-accepted\"> </a></td><td>Accepted</td></tr><tr><td style=\"white-space:nowrap\">rejected<a name=\"PSSFeedbackCodes-rejected\"> </a></td><td>Rejected</td></tr><tr><td style=\"white-space:nowrap\">overridden<a name=\"PSSFeedbackCodes-overridden\"> </a></td><td>Overridden</td></tr></table></div>"
  },
  "url" : "https://www.ehealth.fgov.be/standards/fhir/pss/CodeSystem/PSSFeedbackCodes",
  "identifier" : [{
    "system" : "urn:ietf:rfc:3986",
    "value" : "urn:oid:2.16.840.1.113883.2.51.22.2.16.4"
  }],
  "version" : "1.0.0",
  "name" : "PSSFeedbackCodes",
  "title" : "PSS Feedback Codes",
  "status" : "active",
  "experimental" : false,
  "date" : "2025-08-13T11:07:09+00:00",
  "publisher" : "eHealth Platform Belgium",
  "contact" : [{
    "name" : "eHealth Platform Belgium",
    "telecom" : [{
      "system" : "url",
      "value" : "https://www.ehealth.fgov.be/standards/fhir/"
    },
    {
      "system" : "email",
      "value" : "support@be-ehealth-standards.atlassian.net"
    }]
  },
  {
    "name" : "Message Structure eHealth",
    "telecom" : [{
      "system" : "email",
      "value" : "support@be-ehealth-standards.atlassian.net",
      "use" : "work"
    }]
  }],
  "description" : "Feedback codes for PSS",
  "jurisdiction" : [{
    "coding" : [{
      "system" : "urn:iso:std:iso:3166",
      "code" : "BE",
      "display" : "Belgium"
    }]
  }],
  "caseSensitive" : true,
  "content" : "complete",
  "count" : 3,
  "concept" : [{
    "code" : "accepted",
    "display" : "Accepted"
  },
  {
    "code" : "rejected",
    "display" : "Rejected"
  },
  {
    "code" : "overridden",
    "display" : "Overridden"
  }]
}