<?xml version="1.0" encoding="UTF-8"?>

<MedicationRequest xmlns="http://hl7.org/fhir">
  <id value="30551ce1-5a28-4356-b684-1e639094ac23"/>
  <meta>
    <profile value="http://hl7.org/fhir/uv/cpg/StructureDefinition/cpg-medicationrequest"/>
  </meta>
  <text>
    <status value="generated"/><div xmlns="http://www.w3.org/1999/xhtml"><p class="res-header-id"><b>Generated Narrative: MedicationRequest 30551ce1-5a28-4356-b684-1e639094ac23</b></p><a name="30551ce1-5a28-4356-b684-1e639094ac23"> </a><a name="hc30551ce1-5a28-4356-b684-1e639094ac23"> </a><a name="30551ce1-5a28-4356-b684-1e639094ac23-en-US"> </a><div style="display: inline-block; background-color: #d9e0e7; padding: 6px; margin: 4px; border: 1px solid #8da1b4; border-radius: 5px; line-height: 60%"><p style="margin-bottom: 0px"/><p style="margin-bottom: 0px">Profile: <a href="http://hl7.org/fhir/uv/cpg/STU2/StructureDefinition-cpg-medicationrequest.html">CPG Medication Request</a></p></div><p><b>status</b>: Active</p><p><b>intent</b>: Proposal</p><p><b>medication</b>: <span title="Codes:{http://www.whocc.no/atc J01XD01}, {https://www.ehealth.fgov.be/standards/fhir/medication/CodeSystem/vmpg 21436}">metronidazole</span></p><p><b>subject</b>: <a href="Patient-30551ce1-5a28-4356-b684-2e639094ad48.html"> Female, DoB Unknown</a></p><blockquote><p><b>dosageInstruction</b></p><p><b>text</b>: 1000 mg per dag in 2 giften gedurende 7 dagen</p><p><b>timing</b>: 2 per 1 day</p><h3>DoseAndRates</h3><table class="grid"><tr><td style="display: none">-</td><td><b>Dose[x]</b></td></tr><tr><td style="display: none">*</td><td>1000 mg</td></tr></table></blockquote></div>
  </text>
  <status value="active"/>
  <intent value="proposal"/>
  <medicationCodeableConcept>
    <coding>
      <system value="http://www.whocc.no/atc"/>
      <code value="J01XD01"/>
    </coding>
    <coding>
      <system value="https://www.ehealth.fgov.be/standards/fhir/medication/CodeSystem/vmpg"/>
      <code value="21436"/>
    </coding>
  </medicationCodeableConcept>
  <subject>
    <reference value="Patient/30551ce1-5a28-4356-b684-2e639094ad48"/>
  </subject>
  <dosageInstruction>
    <text value="1000 mg per dag in 2 giften gedurende 7 dagen">
      <extension url="http://hl7.org/fhir/StructureDefinition/translation">
        <extension url="lang">
          <valueCode value="fr-BE"/>
        </extension>
        <extension url="content">
          <valueString value="1000 mg par jour en 2 prises pendant 7 jours"/>
        </extension>
      </extension>
    </text>
    <timing>
      <repeat>
        <boundsDuration>
          <value value="7"/>
          <system value="http://unitsofmeasure.org"/>
          <code value="d"/>
        </boundsDuration>
        <frequency value="2"/>
        <period value="1"/>
        <periodUnit value="d"/>
      </repeat>
    </timing>
    <doseAndRate>
      <doseQuantity>
        <value value="1000"/>
        <unit value="mg"/>
        <system value="http://unitsofmeasure.org"/>
      </doseQuantity>
    </doseAndRate>
  </dosageInstruction>
</MedicationRequest>