{
  "resourceType" : "ValueSet",
  "id" : "PregnancyCodes",
  "text" : {
    "status" : "generated",
    "div" : "<div xmlns=\"http://www.w3.org/1999/xhtml\"><p class=\"res-header-id\"><b>Generated Narrative: ValueSet PregnancyCodes</b></p><a name=\"PregnancyCodes\"> </a><a name=\"hcPregnancyCodes\"> </a><a name=\"PregnancyCodes-en-US\"> </a><p>This value set includes codes based on the following rules:</p><ul><li>Include these codes as defined in <a href=\"http://terminology.hl7.org/6.1.0/CodeSystem-icd10CM.html\"><code>http://hl7.org/fhir/sid/icd-10-cm</code></a><table class=\"none\"><tr><td style=\"white-space:nowrap\"><b>Code</b></td><td><b>Display</b></td></tr><tr><td>Z33.1</td><td style=\"color: #cccccc\">Pregnant state, incidental</td></tr></table></li><li>Include these codes as defined in <a href=\"http://www.snomed.org/\"><code>http://snomed.info/sct</code></a><table class=\"none\"><tr><td style=\"white-space:nowrap\"><b>Code</b></td><td><b>Display</b></td></tr><tr><td><a href=\"http://snomed.info/id/87527008\">87527008</a></td><td style=\"color: #cccccc\">Term pregnancy</td></tr><tr><td><a href=\"http://snomed.info/id/127364007\">127364007</a></td><td style=\"color: #cccccc\">Primigravida</td></tr><tr><td><a href=\"http://snomed.info/id/72892002\">72892002</a></td><td style=\"color: #cccccc\">Normal pregnancy</td></tr></table></li></ul></div>"
  },
  "url" : "https://www.ehealth.fgov.be/standards/fhir/pss/ValueSet/PregnancyCodes",
  "version" : "1.0.0",
  "name" : "PregnancyCodes",
  "title" : "Pregnancy Codes",
  "status" : "active",
  "experimental" : true,
  "date" : "2025-05-06T11:11:40+00:00",
  "publisher" : "eHealth Platform Belgium",
  "contact" : [{
    "name" : "eHealth Platform Belgium",
    "telecom" : [{
      "system" : "url",
      "value" : "https://www.ehealth.fgov.be/standards/fhir/"
    },
    {
      "system" : "email",
      "value" : "support@be-ehealth-standards.atlassian.net"
    }]
  },
  {
    "name" : "Message Structure eHealth",
    "telecom" : [{
      "system" : "email",
      "value" : "support@be-ehealth-standards.atlassian.net",
      "use" : "work"
    }]
  }],
  "description" : "Pregnancy Codes - used for EHRs to consider pregnancy status",
  "jurisdiction" : [{
    "coding" : [{
      "system" : "urn:iso:std:iso:3166",
      "code" : "BE",
      "display" : "Belgium"
    }]
  }],
  "copyright" : "*   This value set includes content from SNOMED CT, which is copyright © 2002+ International Health Terminology Standards Development Organisation (IHTSDO), and distributed by agreement between IHTSDO and HL7. Implementer use of SNOMED CT is not covered by this agreement\n\n*   The SNOMED International IPS Terminology is distributed by International Health Terminology Standards Development Organisation, trading as SNOMED International, and is subject the terms of the [Creative Commons Attribution 4.0 International Public License](https://creativecommons.org/licenses/by/4.0/). For more information, see [SNOMED IPS Terminology](https://www.snomed.org/snomed-ct/Other-SNOMED-products/international-patient-summary-terminology)\n\n*   The HL7 International IPS implementation guides incorporate SNOMED CT®, used by permission of the International Health Terminology Standards Development Organisation, trading as SNOMED International. SNOMED CT was originally created by the College of American Pathologists. SNOMED CT is a registered trademark of the International Health Terminology Standards Development Organisation, all rights reserved. Implementers of SNOMED CT should review [usage terms](https://www.snomed.org/get-snomed) or directly contact SNOMED International: info@snomed.org",
  "compose" : {
    "include" : [{
      "system" : "http://hl7.org/fhir/sid/icd-10-cm",
      "concept" : [{
        "code" : "Z33.1"
      }]
    },
    {
      "system" : "http://snomed.info/sct",
      "concept" : [{
        "code" : "87527008"
      },
      {
        "code" : "127364007"
      },
      {
        "code" : "72892002"
      }]
    }]
  }
}