<?xml version="1.0" encoding="UTF-8"?><CodeSystem xmlns="http://hl7.org/fhir"><id value="PSSaFeedbackReasons"/><text><status value="generated"/><div xmlns="http://www.w3.org/1999/xhtml"><p class="res-header-id"><b>Generated Narrative: CodeSystem PSSaFeedbackReasons</b></p><a name="PSSaFeedbackReasons"> </a><a name="hcPSSaFeedbackReasons"> </a><p>This case-sensitive code system <code>https://www.ehealth.fgov.be/standards/fhir/pss/CodeSystem/PSSaFeedbackReasons</code> defines the following codes:</p><table class="codes"><tr><td style="white-space:nowrap"><b>Code</b></td><td><b>Display</b></td></tr><tr><td style="white-space:nowrap">ClinicIssue<a name="PSSaFeedbackReasons-ClinicIssue"> </a></td><td>Concerning clinical presentation</td></tr><tr><td style="white-space:nowrap">Comorbidities<a name="PSSaFeedbackReasons-Comorbidities"> </a></td><td>Comorbidities</td></tr><tr><td style="white-space:nowrap">FastResults<a name="PSSaFeedbackReasons-FastResults"> </a></td><td>Faster results</td></tr><tr><td style="white-space:nowrap">PosPrevExp<a name="PSSaFeedbackReasons-PosPrevExp"> </a></td><td>Positive prior experience</td></tr><tr><td style="white-space:nowrap">InsuffEffect<a name="PSSaFeedbackReasons-InsuffEffect"> </a></td><td>Insufficient effect of recommended management in the past</td></tr><tr><td style="white-space:nowrap">BetterTol<a name="PSSaFeedbackReasons-BetterTol"> </a></td><td>Better tolerated</td></tr><tr><td style="white-space:nowrap">Allergy<a name="PSSaFeedbackReasons-Allergy"> </a></td><td>Allergy</td></tr><tr><td style="white-space:nowrap">OtherReason<a name="PSSaFeedbackReasons-OtherReason"> </a></td><td>Other reason — which</td></tr></table></div></text><url value="https://www.ehealth.fgov.be/standards/fhir/pss/CodeSystem/PSSaFeedbackReasons"/><identifier><system value="urn:ietf:rfc:3986"/><value value="urn:oid:2.16.840.1.113883.2.51.22.2.16.8"/></identifier><version value="1.0.0"/><name value="PSSaFeedbackReasons"/><title value="PSSa Feedback Code Reasons"/><status value="active"/><experimental value="false"/><date value="2026-01-14T15:47:07+00:00"/><publisher value="eHealth Platform Belgium"/><contact><name value="eHealth Platform Belgium"/><telecom><system value="url"/><value value="https://www.ehealth.fgov.be/standards/fhir/"/></telecom><telecom><system value="email"/><value value="support@be-ehealth-standards.atlassian.net"/></telecom></contact><contact><name value="Message Structure eHealth"/><telecom><system value="email"/><value value="support@be-ehealth-standards.atlassian.net"/><use value="work"/></telecom></contact><description value="Feedback code reasons for PSS antimicrobial"/><jurisdiction><coding><system value="urn:iso:std:iso:3166"/><code value="BE"/><display value="Belgium"/></coding></jurisdiction><caseSensitive value="true"/><content value="complete"/><count value="8"/><concept><code value="ClinicIssue"/><display value="Concerning clinical presentation"/><designation><use><system value="http://terminology.hl7.org/CodeSystem/hl7TermMaintInfra"/><code value="preferredForLanguage"/></use><value value="Concerning clinical presentation"/></designation></concept><concept><code value="Comorbidities"/><display value="Comorbidities"/><designation><use><system value="http://terminology.hl7.org/CodeSystem/hl7TermMaintInfra"/><code value="preferredForLanguage"/></use><value value="Comorbidities"/></designation></concept><concept><code value="FastResults"/><display value="Faster results"/><designation><use><system value="http://terminology.hl7.org/CodeSystem/hl7TermMaintInfra"/><code value="preferredForLanguage"/></use><value value="Faster results"/></designation></concept><concept><code value="PosPrevExp"/><display value="Positive prior experience"/><designation><use><system value="http://terminology.hl7.org/CodeSystem/hl7TermMaintInfra"/><code value="preferredForLanguage"/></use><value value="Positive prior experience"/></designation></concept><concept><code value="InsuffEffect"/><display value="Insufficient effect of recommended management in the past"/><designation><use><system value="http://terminology.hl7.org/CodeSystem/hl7TermMaintInfra"/><code value="preferredForLanguage"/></use><value value="Insufficient effect of recommended management in the past"/></designation></concept><concept><code value="BetterTol"/><display value="Better tolerated"/><designation><use><system value="http://terminology.hl7.org/CodeSystem/hl7TermMaintInfra"/><code value="preferredForLanguage"/></use><value value="Better tolerated"/></designation></concept><concept><code value="Allergy"/><display value="Allergy"/><designation><use><system value="http://terminology.hl7.org/CodeSystem/hl7TermMaintInfra"/><code value="preferredForLanguage"/></use><value value="Allergy"/></designation></concept><concept><code value="OtherReason"/><display value="Other reason — which"/><designation><use><system value="http://terminology.hl7.org/CodeSystem/hl7TermMaintInfra"/><code value="preferredForLanguage"/></use><value value="Other reason — which"/></designation></concept></CodeSystem>