{
  "resourceType" : "MedicationRequest",
  "id" : "30551ce1-5a28-4356-b684-2e639094ad12",
  "text" : {
    "status" : "generated",
    "div" : "<div xmlns=\"http://www.w3.org/1999/xhtml\"><p class=\"res-header-id\"><b>Generated Narrative: MedicationRequest 30551ce1-5a28-4356-b684-2e639094ad12</b></p><a name=\"30551ce1-5a28-4356-b684-2e639094ad12\"> </a><a name=\"hc30551ce1-5a28-4356-b684-2e639094ad12\"> </a><a name=\"30551ce1-5a28-4356-b684-2e639094ad12-en-US\"> </a><p><b>status</b>: Active</p><p><b>intent</b>: Proposal</p><p><b>medication</b>: <span title=\"Codes:{http://www.whocc.no/atc G01AA10}\">clindamycin</span></p><p><b>subject</b>: <a href=\"Patient-30551ce1-5a28-4356-b684-2e639094ad48.html\"> Female, DoB Unknown</a></p></div>"
  },
  "status" : "active",
  "intent" : "proposal",
  "medicationCodeableConcept" : {
    "coding" : [{
      "system" : "http://www.whocc.no/atc",
      "code" : "G01AA10"
    }]
  },
  "subject" : {
    "reference" : "Patient/30551ce1-5a28-4356-b684-2e639094ad48"
  }
}