<?xml version="1.0" encoding="UTF-8"?>

<CodeSystem xmlns="http://hl7.org/fhir">
  <id value="PSSQSIProcedures"/>
  <text>
    <status value="generated"/><div xmlns="http://www.w3.org/1999/xhtml"><p class="res-header-id"><b>Generated Narrative: CodeSystem PSSQSIProcedures</b></p><a name="PSSQSIProcedures"> </a><a name="hcPSSQSIProcedures"> </a><a name="PSSQSIProcedures-en-US"> </a><p>This case-sensitive code system <code>https://www.ehealth.fgov.be/standards/fhir/pss/CodeSystem/PSSQSIProcedures</code> defines codes, but no codes are represented here</p></div>
  </text>
  <url value="https://www.ehealth.fgov.be/standards/fhir/pss/CodeSystem/PSSQSIProcedures"/>
  <version value="1.0.0"/>
  <name value="PSSQSIProcedures"/>
  <title value="PSS-QSI procedure codes"/>
  <status value="draft"/>
  <experimental value="false"/>
  <date value="2025-04-16T11:48:10+00:00"/>
  <publisher value="HL7 Belgium"/>
  <contact>
    <name value="HL7 Belgium"/>
    <telecom>
      <system value="url"/>
      <value value="https://www.hl7belgium.org"/>
    </telecom>
    <telecom>
      <system value="email"/>
      <value value="hl7belgium@hl7belgium.org"/>
    </telecom>
  </contact>
  <contact>
    <name value="Message Structure eHealth"/>
    <telecom>
      <system value="email"/>
      <value value="message-structure@ehealth.fgov.be"/>
      <use value="work"/>
    </telecom>
  </contact>
  <description value="Procedure codes from the QSI system"/>
  <jurisdiction>
    <coding>
      <system value="urn:iso:std:iso:3166"/>
      <code value="BE"/>
      <display value="Belgium"/>
    </coding>
  </jurisdiction>
  <caseSensitive value="true"/>
  <content value="not-present"/>
</CodeSystem>