<?xml version="1.0" encoding="UTF-8"?>

<CodeSystem xmlns="http://hl7.org/fhir">
  <id value="PSSRatingTypes"/>
  <text>
    <status value="generated"/><div xmlns="http://www.w3.org/1999/xhtml"><p class="res-header-id"><b>Generated Narrative: CodeSystem PSSRatingTypes</b></p><a name="PSSRatingTypes"> </a><a name="hcPSSRatingTypes"> </a><a name="PSSRatingTypes-en-US"> </a><p>This case-sensitive code system <code>https://www.ehealth.fgov.be/standards/fhir/pss/CodeSystem/PSSRatingTypes</code> defines the following codes:</p><table class="codes"><tr><td style="white-space:nowrap"><b>Code</b></td><td><b>Display</b></td></tr><tr><td style="white-space:nowrap">overall<a name="PSSRatingTypes-overall"> </a></td><td>Overall score</td></tr><tr><td style="white-space:nowrap">radiationexposure<a name="PSSRatingTypes-radiationexposure"> </a></td><td>Radiation exposure score</td></tr></table></div>
  </text>
  <url value="https://www.ehealth.fgov.be/standards/fhir/pss/CodeSystem/PSSRatingTypes"/>
  <version value="1.0.0"/>
  <name value="PSSRatingTypes"/>
  <title value="CodeSystem: Types of rating provided by the PSS system"/>
  <status value="draft"/>
  <experimental value="false"/>
  <date value="2025-04-16T11:48:10+00:00"/>
  <publisher value="HL7 Belgium"/>
  <contact>
    <name value="HL7 Belgium"/>
    <telecom>
      <system value="url"/>
      <value value="https://www.hl7belgium.org"/>
    </telecom>
    <telecom>
      <system value="email"/>
      <value value="hl7belgium@hl7belgium.org"/>
    </telecom>
  </contact>
  <contact>
    <name value="Message Structure eHealth"/>
    <telecom>
      <system value="email"/>
      <value value="message-structure@ehealth.fgov.be"/>
      <use value="work"/>
    </telecom>
  </contact>
  <description value="CodeSystem: Types of rating provided by the PSS system"/>
  <jurisdiction>
    <coding>
      <system value="urn:iso:std:iso:3166"/>
      <code value="BE"/>
      <display value="Belgium"/>
    </coding>
  </jurisdiction>
  <caseSensitive value="true"/>
  <content value="complete"/>
  <count value="2"/>
  <concept>
    <code value="overall"/>
    <display value="Overall score"/>
  </concept>
  <concept>
    <code value="radiationexposure"/>
    <display value="Radiation exposure score"/>
  </concept>
</CodeSystem>